Question,Hint,Answer
What port does FTP use for its control connection?,Think about the classic file-transfer protocol and the lower of its two well-known ports.,TCP 21.
What port does FTP use for data in active mode?,FTP has a control channel and a separate data channel.,TCP 20.
What port does SSH use?,Think secure remote command-line access instead of Telnet.,TCP 22.
What port does Telnet use?,"This is the old, unencrypted alternative to SSH.",TCP 23.
What port does SMTP normally use for mail submission from a client to a mail server?,Think outgoing email rather than receiving email.,TCP 587 is the standard mail-submission port; TCP 25 is traditionally used for SMTP server-to-server traffic.
What port does DNS use?,This service translates names such as example.com into IP addresses.,UDP 53 is normally used for queries; TCP 53 is also used when required.
What port does DHCP use?,"DHCP has to work before a client normally has an IP address, so it uses UDP.",UDP 67 for the server and UDP 68 for the client.
What port does HTTP use?,Think ordinary unencrypted web traffic.,TCP 80.
What port does HTTPS use?,This is HTTP protected by TLS.,TCP 443.
What port does POP3 use?,POP3 downloads email from a mail server.,TCP 110; secure POP3 commonly uses TCP 995.
What port does IMAP use?,IMAP keeps email synchronized on the server instead of simply downloading it.,TCP 143; secure IMAP commonly uses TCP 993.
What port does SNMP use?,Think network monitoring and management.,UDP 161 for queries; UDP 162 is commonly used for traps.
What port does LDAP use?,Think directory services such as centralized user information.,TCP/UDP 389; LDAPS commonly uses TCP 636.
What port does SMB use?,Think Windows file and printer sharing.,TCP 445.
What port does RDP use?,Think Microsoft remote desktop.,TCP/UDP 3389.
What ports are associated with NetBIOS?,Think older Windows networking and NetBIOS name/session services.,"UDP 137 and 138, plus TCP 139."
What port does NTP use?,Think keeping computers' clocks synchronized.,UDP 123.
What port does SIP commonly use for VoIP signaling?,"SIP is the signaling portion of many VoIP systems, not the actual voice stream.",UDP/TCP 5060; SIP over TLS commonly uses TCP 5061.
What protocol usually carries the actual audio in a VoIP call?,SIP sets up the call; something else carries the media.,"RTP, commonly using dynamically negotiated UDP ports."
What is TCP used for?,"Think reliability: acknowledgments, sequencing, and retransmission.","TCP is connection-oriented and provides reliable, ordered delivery."
What is UDP used for?,Think speed and low overhead where an application can tolerate lost packets.,UDP is connectionless and does not guarantee delivery or ordering.
Why might VoIP prefer UDP over TCP?,Imagine a voice packet arriving three seconds late after a retransmission.,"Real-time voice usually benefits more from low latency than perfect delivery, so UDP is commonly used."
What is an IP address?,Think of it as the logical address used to identify a network interface.,An IP address identifies a device/interface at Layer 3 and allows traffic to be routed.
What is a MAC address?,This lives closer to the network interface hardware than an IP address does.,A MAC address is a Layer 2 hardware/interface address used for local network communication.
What is a subnet mask used for?,It tells the computer which portion of an IPv4 address represents the network.,It determines the network and host portions of an IPv4 address.
What is a default gateway?,"If your computer wants to reach something outside its local subnet, where does it send the packet?",The default gateway is normally the router used to reach remote networks.
What does DNS do?,You type a website name instead of memorizing an IP address.,DNS resolves names to IP addresses and can perform other name-service functions.
What does DHCP do?,Think of a device joining Wi-Fi and automatically receiving its network settings.,"DHCP dynamically provides settings such as IP address, subnet mask, gateway, and DNS servers."
What does APIPA indicate on a Windows computer?,A Windows client assigned itself an address instead of receiving one normally.,An IPv4 address in 169.254.0.0/16 generally indicates DHCP configuration failed or was unavailable.
What is a private IPv4 address?,These addresses are designed for internal networks and aren't directly routable across the public Internet.,"Private IPv4 ranges are 10.0.0.0/8, 172.16.0.0/12, and 192.168.0.0/16."
What is NAT?,Your whole home network can browse the Internet while using one public IPv4 address.,NAT translates private/internal addresses to public addresses and vice versa.
What is PAT?,"Think NAT, but many devices sharing one public address at the same time.",PAT uses port numbers to allow multiple internal connections to share a public IP address.
What is IPv6 used for?,IPv4 has a limited address space; IPv6 dramatically expands it.,IPv6 provides a much larger address space and additional networking capabilities.
What is a /24 IPv4 subnet equivalent to?,How many bits are normally allocated to the network in a traditional Class C-sized subnet?,"255.255.255.0, providing 256 total addresses and typically 254 usable host addresses."
What is the purpose of a VLAN?,Imagine separating accounting computers from guest computers even though they use the same physical switch.,A VLAN logically separates Layer 2 networks.
What is a trunk port on a switch?,An access port usually carries one VLAN; think about what is needed between switches.,"A trunk carries traffic for multiple VLANs, typically using VLAN tagging."
What is an access port?,Think of the switch port where an ordinary workstation plugs in.,An access port normally carries traffic for a single VLAN.
What does a router do?,A switch handles local network forwarding; what handles communication between different networks?,A router forwards packets between different IP networks.
What does a switch do?,Think Layer 2 and MAC addresses.,A switch forwards Ethernet frames based primarily on MAC addresses.
What does an access point do?,It bridges wireless clients to a wired network.,A wireless access point provides Wi-Fi connectivity and bridges wireless traffic to the network.
What is SSID?,It's the Wi-Fi network name you see when your phone scans for wireless networks.,SSID stands for Service Set Identifier and identifies a wireless network.
What is WPA2?,Think Wi-Fi security using AES-based encryption.,WPA2 is a Wi-Fi security standard commonly using AES/CCMP.
What is WPA3?,It's the newer generation of Wi-Fi security compared with WPA2.,"WPA3 provides stronger authentication/security mechanisms, including SAE for personal networks."
What is 2.4 GHz Wi-Fi's major advantage?,Think range and ability to pass through obstacles.,2.4 GHz generally provides better range and wall penetration but has fewer non-overlapping channels and more interference.
What is 5 GHz Wi-Fi's major advantage?,Think higher throughput and more available channels.,5 GHz generally offers more channels and higher performance but typically has shorter range than 2.4 GHz.
What is 6 GHz Wi-Fi used for?,Think newer Wi-Fi generations and a cleaner band.,"The 6 GHz band provides additional spectrum for supported Wi-Fi devices, with less legacy-device congestion."
What is a Wi-Fi analyzer used for?,Your Wi-Fi is slow; you want to see channel usage and interference.,"A Wi-Fi analyzer examines wireless signals, channels, signal strength, and interference."
What tool tests whether an Ethernet cable is wired correctly?,Don't grab a multimeter first; think purpose-built network cabling equipment.,A cable tester checks continuity and wiring/pinout.
What tool puts an RJ45 connector onto an Ethernet cable?,You have a stripped Ethernet cable and a loose modular connector.,A crimping tool attaches/crimps the modular connector onto the cable.
What tool is used to terminate Ethernet cable into a patch panel or keystone jack?,RJ45 plugs are crimped; permanent structured cabling uses a different termination method.,A punchdown tool.
What does a loopback plug test?,It sends a device's own signal back to itself.,A loopback plug tests a port/interface by looping transmitted signals back to the receiving side.
What does a multimeter measure?,Think electrical troubleshooting rather than packet analysis.,"A multimeter can measure values such as voltage, resistance, and continuity."
You plug in an Ethernet cable and the link light never comes on. What should you check first?,Don't immediately blame the switch. Start with the physical layer.,"Check the cable, connectors, NIC, switch port, link lights, and whether the correct cable is being used."
A user can access websites by IP address but not by hostname. What should you investigate?,"If routing works but names don't, which service translates names?",Investigate DNS configuration or DNS server availability.
A computer can communicate with devices on its LAN but cannot reach the Internet. What configuration should you check?,"Local communication works, so think about what handles traffic outside the subnet.",Check the default gateway and routing configuration.
A PC receives a 169.254.x.x address. What is a likely cause?,The machine is telling you it couldn't obtain its expected IPv4 configuration.,DHCP failure or lack of access to the DHCP server.
What command can you use on Windows to view IP configuration?,Think of the Windows command that literally combines IP and configuration.,ipconfig.
What Windows command can display detailed IP configuration including DNS and DHCP information?,Add a switch to the basic IP configuration command.,ipconfig /all.
What command releases a DHCP lease on Windows?,You want the client to give up its current DHCP address.,ipconfig /release.
What command requests a new DHCP lease on Windows?,Use it after releasing the old lease or when troubleshooting DHCP.,ipconfig /renew.
What command tests basic reachability using ICMP?,Think of sending an echo request to see whether something responds.,ping.
"What does ping prove, and what does it not prove?","A successful ping is useful, but websites can still fail.",Ping demonstrates ICMP reachability when ICMP is permitted; it does not prove that a specific application or TCP port works.
What command traces the route packets take on Windows?,Think of seeing the hops between your computer and a destination.,tracert.
What command traces routes on Linux?,"Linux has a command corresponding closely to Windows tracert, although traceroute is also common.",traceroute.
What command resolves a hostname to an IP address from the command line?,Think DNS lookup.,nslookup.
What is netstat useful for?,"You suspect malware, a listening service, or an unexpected connection. Think local connection table.","netstat can display active connections, listening ports, routing information, and interface statistics depending on options."
What does netstat -ano help you investigate on Windows?,The useful part here is connecting network connections to processes.,"It can show active/listening connections, numeric addresses/ports, and the process ID associated with each connection."
You see TCP port 3389 listening on a workstation. What service should immediately come to mind?,Think Microsoft's remote desktop service.,RDP.
"A user reports that an application cannot connect to a server. Ping works, but the application still fails. What should you test next?",ICMP reachability doesn't prove the application's port is reachable.,Test the specific TCP/UDP port and verify firewall/service configuration.
What does a firewall do?,Think traffic control rather than antivirus.,A firewall permits or blocks network traffic according to configured rules.
What is a VPN?,Imagine securely connecting to the company network while sitting in a coffee shop.,A VPN creates an encrypted tunnel or secure connection over an untrusted network.
What is split tunneling?,Only some traffic goes through the corporate VPN while other traffic uses the local Internet connection.,Split tunneling routes selected traffic through the VPN while other traffic uses the normal local connection.
What is a SOHO network?,Think of the network in a typical home or small business.,SOHO means Small Office/Home Office and generally involves a small number of users/devices.
What is a modem's job?,A modem connects your local network equipment to a service provider's access technology.,A modem converts/signals data for the particular ISP access technology.
What is a router's job in a typical SOHO setup?,The box from the ISP often performs several roles; focus on routing here.,"The router connects different networks and commonly provides NAT, DHCP, and firewall functionality."
What is a mesh Wi-Fi system?,Think multiple coordinated wireless nodes instead of one central access point.,A mesh system uses multiple nodes to provide broader wireless coverage and coordinated roaming.
A laptop gets excellent Wi-Fi signal but very slow Internet speeds. What should you investigate?,Strong signal doesn't automatically mean a healthy network path.,"Check interference, channel congestion, negotiated speed, ISP performance, other clients, and Internet-side issues."
What is an Ethernet straight-through cable normally used for?,Think unlike devices such as a PC and switch.,"A straight-through Ethernet cable is traditionally used to connect unlike device types, such as a PC to a switch."
What is crossover Ethernet traditionally used for?,Think similar devices communicating directly.,"A crossover cable was traditionally used for like-device connections such as switch-to-switch or PC-to-PC, although auto-MDI/MDIX has made this largely unnecessary."
What is fiber-optic cable's major advantage?,Think electromagnetic interference.,Fiber uses light and is highly resistant to electromagnetic interference while supporting high bandwidth and distance.
What is single-mode fiber generally used for?,Think long distances.,"Single-mode fiber is designed for long-distance, high-bandwidth communication."
What is multimode fiber generally used for?,Think shorter runs inside buildings or campuses.,Multimode fiber is commonly used for shorter-distance high-bandwidth links.
What is an RJ45 connector normally associated with?,Think twisted-pair Ethernet.,RJ45-style modular connectors are commonly used with Ethernet twisted-pair cabling.
What is HDMI used for?,Think digital video and audio.,HDMI carries digital audio and video.
What is DisplayPort commonly used for?,Think modern computer displays.,DisplayPort carries digital video and audio and is common on computers and monitors.
What is USB-C?,Don't confuse the physical connector shape with the protocol itself.,USB-C is a reversible connector form factor that can carry different protocols and power capabilities depending on implementation.
What is USB Power Delivery?,Think charging a laptop through USB-C.,USB Power Delivery allows compatible USB-C devices and chargers to negotiate higher power levels.
What is Thunderbolt?,Think a high-speed interface that can carry multiple types of traffic through a compact connector.,"Thunderbolt is a high-speed interface technology capable of carrying data, display, and other traffic depending on version and implementation."
What is an M.2 slot?,"It's common in modern PCs and laptops, but the slot doesn't automatically tell you the storage protocol.",M.2 is a compact form factor/interface used for devices such as SSDs and Wi-Fi adapters.
What is NVMe?,Think modern SSD communication over PCIe rather than the older SATA protocol.,"NVMe is a storage protocol designed for nonvolatile memory devices, commonly using PCIe."
What is SATA?,Think a common storage interface for hard drives and SSDs.,SATA is a serial storage interface commonly used for drives.
What is RAM used for?,The CPU needs fast temporary workspace while programs are running.,RAM provides temporary volatile storage for active programs and data.
What happens to normal RAM contents when power is removed?,Think volatile versus permanent storage.,"Normal RAM is volatile, so its contents are lost when power is removed."
What is the difference between RAM and storage?,One is working memory; the other retains data when powered off.,RAM is temporary working memory; storage such as SSDs and HDDs retains data.
What is DDR?,"You'll see DDR3, DDR4, and DDR5 on memory modules.",DDR is a family of synchronous DRAM technologies that transfer data on both clock edges.
Why must RAM be compatible with the motherboard?,You can't just install any random memory module and expect it to work.,"The motherboard must support the memory type, physical form factor, capacity, speed range, and other requirements."
What is dual-channel memory?,Two compatible memory channels can increase memory bandwidth.,"Dual-channel operation allows the memory controller to access two channels in parallel, increasing bandwidth."
What does CPU clock speed measure?,"It's expressed in GHz, but higher clock speed alone doesn't tell you overall CPU performance.","Clock speed indicates cycles per second; overall performance also depends on architecture, cores, cache, workload, and other factors."
What are CPU cores?,Think multiple processing units inside one CPU package.,Cores are individual processing units capable of executing instruction streams.
What is CPU cache?,"RAM is fast, but the CPU needs something even closer and faster.",Cache is high-speed memory located on or near the CPU that stores frequently accessed data/instructions.
What is thermal throttling?,The processor gets too hot and protects itself by slowing down.,Thermal throttling reduces CPU performance/frequency to control temperature.
What is a heatsink?,It doesn't create cold; it moves heat away from a component.,A heatsink absorbs and dissipates heat from components such as CPUs.
What is thermal paste used for?,Even a polished CPU and heatsink have microscopic gaps.,Thermal paste fills microscopic imperfections between surfaces and improves heat transfer.
What is a PSU?,It takes wall power and provides the electrical power the PC components require.,A power supply unit converts AC input into regulated DC outputs used by computer components.
What does PSU wattage represent?,Think total available power rather than voltage.,Wattage indicates the power the PSU can supply under specified conditions.
What is 80 PLUS?,"You may see Bronze, Gold, Platinum, etc. on power supplies.",80 PLUS is an efficiency certification program with different efficiency levels.
What is the motherboard?,Think of it as the main circuit board connecting the computer's components.,"The motherboard provides connections, communication pathways, firmware interfaces, and power delivery for components."
What is UEFI?,Think modern firmware that replaced traditional BIOS implementations.,UEFI is modern system firmware that initializes hardware and provides boot and configuration functions.
What is Secure Boot?,It helps prevent unauthorized boot software from loading.,Secure Boot uses cryptographic verification to help ensure trusted boot components are loaded.
What is POST?,It happens very early when the computer starts.,POST is the Power-On Self-Test used by firmware to initialize and check hardware.
A PC powers on but gives repeated beep codes and no display. What should you investigate?,The system is failing before normal operating-system startup.,"Check POST/beep-code documentation, RAM, GPU, CPU, power connections, and other hardware involved in startup."
What is a GPU?,Think graphics rendering rather than general system memory.,A graphics processing unit handles graphics and parallel workloads.
What is integrated graphics?,The graphics processor shares system resources rather than requiring a separate graphics card.,Integrated graphics are built into or associated with the CPU/chipset and typically use system RAM.
What is a dedicated GPU?,Think a separate graphics card with its own graphics memory.,"A dedicated GPU is a separate graphics processor, usually with dedicated VRAM."
What is VRAM?,Graphics processors need their own fast memory for textures and frame data.,VRAM is memory dedicated to graphics processing.
What is an HDD?,Think magnetic platters and mechanical movement.,A hard disk drive stores data magnetically on spinning platters.
What is an SSD?,Think no spinning platters and much faster random access than traditional HDDs.,A solid-state drive stores data in flash memory and has no moving mechanical parts.
Why is an SSD generally more resistant to physical shock than an HDD?,One has moving parts; the other doesn't.,"SSDs have no spinning platters or read/write heads, reducing mechanical vulnerability."
What is RAID 0?,Think performance without redundancy.,RAID 0 stripes data across drives and improves performance/capacity but provides no fault tolerance.
What is RAID 1?,Think mirror.,"RAID 1 mirrors data across drives and provides redundancy, typically at the cost of usable capacity."
What is RAID 5?,Think striping plus parity.,RAID 5 stripes data and parity across at least three drives and can tolerate one drive failure.
What is RAID 10?,Combine the concepts of RAID 1 and RAID 0.,"RAID 10 combines mirroring and striping, providing performance and redundancy."
What is a printer's duty cycle?,It tells you something about how heavily the printer is designed to be used.,Duty cycle is the maximum recommended monthly print volume under specified conditions.
What is a laser printer's toner?,Think powder rather than liquid ink.,Toner is a fine powder used by laser printers to form images on paper.
What does an inkjet printer use?,Think liquid droplets sprayed onto paper.,Inkjet printers use liquid ink cartridges or tanks.
What is a printer drum?,"In a laser printer, something must hold the electrostatic image before toner transfers to the paper.",The photoconductive drum is charged and imaged so toner can be attracted to the appropriate areas.
What is a laser printer's fuser?,"The toner is on the page, but it still needs to be permanently bonded.",The fuser uses heat and pressure to bond toner to the paper.
A laser printer has toner smearing off the page. What component should you suspect?,Think about the part that permanently bonds toner.,The fuser may be malfunctioning or operating incorrectly.
A laser printer prints faint pages. What should you check?,Think toner supply and the imaging process.,"Check toner level, toner cartridge condition, drum, print-density settings, and other imaging components."
A printer repeatedly jams paper. What should you inspect?,Don't just keep pressing Print; look at the physical paper path.,"Check paper type/size, tray guides, rollers, obstructions, moisture, and worn feed components."
What is duplex printing?,Think printing on both sides.,Duplex printing prints on both sides of a sheet.
What is a printer spooler?,Jobs don't necessarily go straight from the application to the printer.,The print spooler queues and manages print jobs for the operating system.
A Windows printer is installed but jobs remain stuck in the queue. What service should you investigate?,Think Windows' service responsible for managing print jobs.,The Print Spooler service.
What is PCL?,Think a printer language commonly associated with HP and many other printers.,PCL is a page-description/printer-control language used by many printers.
What is PostScript?,Think a page-description language widely used in professional printing and publishing.,"PostScript is a page-description language used to describe text, graphics, and page layout."
What is a print server?,"Instead of every workstation managing a printer independently, think centralized management.",A print server manages printer queues and makes printers available to network clients.
What is an impact printer?,Think physical pins striking an ink ribbon.,An impact printer physically strikes an inked ribbon against paper; dot-matrix is a common example.
Why might a business use a thermal printer?,"Think receipts, labels, and specialized point-of-sale environments.","Thermal printers are commonly used for receipts, labels, and other specialized printing."
What is NFC?,"Think very short-range wireless communication, such as tap-to-pay.",NFC enables short-range communication between compatible devices.
What is Bluetooth primarily designed for?,"Think personal-area connections such as headphones, keyboards, mice, and phones.",Bluetooth provides short-range wireless communication between compatible devices.
What is Bluetooth pairing?,Two devices need to establish trust before exchanging data.,Pairing establishes a relationship between Bluetooth devices so they can communicate.
What is a docking station?,"A laptop can connect to one device and suddenly have monitors, Ethernet, USB devices, and power.","A docking station expands a laptop's connectivity and can provide power, displays, networking, and peripheral connections."
"A laptop's built-in Wi-Fi works, but Wi-Fi through its docking station does not. What should you investigate?",Separate the laptop's Wi-Fi radio from the dock's networking hardware.,"Check the dock's Ethernet/Wi-Fi capability, drivers, firmware, cable connections, and network adapter configuration."
Why can replacing a laptop battery require special care?,"Think about physical access, connectors, swelling, and manufacturer procedures.","Laptop batteries may be internal, use proprietary connectors, and can be hazardous if swollen or damaged."
What should you do with a visibly swollen lithium-ion battery?,"A swollen battery is a physical safety issue, not just a battery-life problem.",Stop using the device and follow appropriate manufacturer/safety procedures for isolation and disposal; do not puncture or crush the battery.
What does cellular data allow a smartphone to do?,Think Internet access without Wi-Fi.,Cellular data uses a mobile carrier's network to provide data connectivity.
What is tethering?,Your phone can provide another device with Internet access.,Tethering shares a mobile device's cellular Internet connection with another device.
What is mobile hotspot functionality?,It's one common way to tether multiple devices wirelessly.,"A mobile hotspot allows other devices to connect through the phone's cellular connection, typically over Wi-Fi."
What is device synchronization?,"Think keeping contacts, calendars, files, or email consistent across devices.",Synchronization keeps selected data consistent between a device and another system/service.
A phone connects to Wi-Fi but says 'No Internet.' What should you check?,Separate Wi-Fi association from actual Internet access.,"Check IP configuration, gateway, DNS, captive portal, router connectivity, and Internet service."
A laptop cannot detect any Wi-Fi networks. What hardware items should you consider?,"Think radio, antenna, physical switch, and software.","Check the Wi-Fi adapter, antenna connections, wireless switch/function key, drivers, and device settings."
What can cause weak Wi-Fi reception after a laptop screen replacement?,The display assembly can contain or route wireless antennas.,"The Wi-Fi antenna cables may be disconnected, pinched, damaged, or routed incorrectly."
What is desktop virtualization?,Think running a user's desktop environment through virtual infrastructure.,Desktop virtualization hosts desktop environments virtually so users can access them from endpoint devices.
What is a virtual machine?,It behaves like a computer but runs using virtualized hardware.,A virtual machine is a software-defined computer running on a physical host.
What is a hypervisor?,Something has to create and manage the virtual machines.,A hypervisor manages virtual machines and allocates physical resources to them.
What is a Type 1 hypervisor?,Think enterprise virtualization running directly on the physical host.,A Type 1 hypervisor runs directly on the hardware rather than requiring a conventional host operating system.
What is a Type 2 hypervisor?,Think VMware Workstation or VirtualBox running inside Windows or another desktop OS.,A Type 2 hypervisor runs as an application on a host operating system.
What is a VM snapshot?,Think saving the state of a virtual machine at a point in time.,A snapshot captures a VM's state and/or disk state so it can later be reverted or used as a point-in-time reference.
Why should snapshots not automatically be considered backups?,A snapshot usually depends on the underlying VM storage and virtualization environment.,Snapshots are generally designed for short-term rollback and are not a substitute for independent backups.
What does IaaS provide?,"Think renting virtual machines, storage, and networking instead of buying physical infrastructure.","Infrastructure as a Service provides virtualized computing infrastructure such as servers, storage, and networks."
What does PaaS provide?,Think developers getting a managed environment without managing the underlying servers.,Platform as a Service provides a managed application-development/runtime platform.
What does SaaS provide?,Think using Gmail or Microsoft 365 through a browser instead of installing and maintaining the underlying infrastructure yourself.,Software as a Service provides a complete application delivered as a service.
What is a public cloud?,Think infrastructure operated by a cloud provider and shared among customers.,A public cloud provides cloud resources operated by a provider for multiple customers.
What is a private cloud?,Think cloud-like infrastructure dedicated to one organization.,A private cloud is cloud infrastructure dedicated to a single organization.
What is a hybrid cloud?,Think combining private/on-premises resources with public cloud resources.,A hybrid cloud combines private/on-premises infrastructure with public cloud services.
What is elasticity in cloud computing?,Imagine a business automatically adding resources during a traffic spike and reducing them later.,Elasticity is the ability to dynamically increase or decrease resources based on demand.
What is scalability?,Think growing a system to handle more users or workload.,Scalability is the ability of a system to increase capacity as demand grows.
What is measured service in cloud computing?,Think paying based on resource consumption rather than buying everything upfront.,Measured service means cloud usage is monitored and commonly billed according to consumption.
What is a common advantage of cloud computing for a small business?,Think avoiding a large upfront investment in servers.,"Cloud services can reduce capital expenditure and provide flexible, scalable access to computing resources."
What is a hypervisor resource allocation problem?,A VM can be healthy but still perform terribly if the host is overloaded.,"The host may be overcommitted on CPU, RAM, storage I/O, or other resources."
What is the first step of a good troubleshooting methodology?,Don't start randomly replacing parts; first understand the problem.,"Identify the problem by gathering information, questioning the user, and reproducing the symptoms when possible."
Why should you establish a theory before changing hardware?,Random changes make it harder to know what actually fixed the problem.,A theory narrows the likely cause and makes troubleshooting systematic and efficient.
Why should you test your theory after making a change?,A machine appearing fixed isn't enough.,Verify that the suspected cause was actually resolved and the original symptoms are gone.
Why should you document the solution?,Future technicians shouldn't have to rediscover the same fix.,"Documentation creates a knowledge base, records changes, and helps future troubleshooting."
A computer shuts off randomly under heavy gaming load. What hardware issue should you consider?,Think about what produces heat and what supplies power.,"Check CPU/GPU temperatures, cooling, airflow, PSU capacity/health, and thermal throttling or overheating."
A PC reboots when a new graphics card is installed. What should you investigate?,A powerful GPU can change both power requirements and thermal load.,"Check PSU capacity and connectors, GPU seating, drivers, temperatures, and motherboard compatibility."
A PC turns on but immediately turns off. What should you check physically?,Start with the basics before assuming the motherboard is dead.,"Check power connections, PSU, CPU power connector, RAM seating, motherboard shorts, cooling, and POST behavior."
A computer has random application crashes after a RAM upgrade. What should you test?,"New memory can be incompatible, defective, or incorrectly configured.","Verify RAM compatibility, seating, configuration, BIOS settings, and test memory with appropriate diagnostics."
What does ECC memory provide?,Think detecting and correcting certain memory errors.,ECC memory can detect and correct certain types of memory errors and is commonly used in systems where reliability is important.
What is a DIMM?,Think desktop/server memory module.,DIMM is a type of memory module used in many desktop and server systems.
What is a SO-DIMM?,Think smaller memory modules used in laptops.,SO-DIMM is a smaller memory-module form factor commonly used in laptops and compact systems.
What is ESD?,Static electricity can damage sensitive electronics even if you don't feel a shock.,Electrostatic discharge is the sudden transfer of static electrical charge that can damage electronic components.
Why use an ESD wrist strap when servicing hardware?,The goal isn't to protect the technician; it's to keep static from damaging components.,"It helps keep the technician and equipment at a similar electrical potential, reducing static-discharge risk."
What is the difference between a surge protector and a UPS?,One protects against power disturbances; the other can keep equipment running temporarily.,A surge protector helps protect against voltage surges; a UPS provides battery-backed power and often power conditioning.
What is a UPS useful for in a server environment?,Imagine the power flickers during a critical transaction.,A UPS can keep equipment running temporarily during outages and provide time for graceful shutdown or generator transition.
What does a multimeter continuity test help find?,Think broken wires and electrical paths.,It can help determine whether an electrical path is continuous.
What safety precaution matters when measuring voltage inside equipment?,"A multimeter is a diagnostic tool, but probes can cause shorts or expose you to dangerous voltages.","Use the correct meter/range and probes, follow electrical safety procedures, and avoid unsafe measurements."
What is cable management's practical benefit?,It isn't just about making a computer room look nice.,"Good cable management improves airflow, reduces accidental disconnections, simplifies troubleshooting, and makes maintenance easier."
What is a patch panel?,Think organized termination point between permanent building cabling and patch cables.,A patch panel provides an organized termination point for network cabling.
What is a patch cable?,Think the short cable you use between a wall jack/patch panel and a switch or endpoint.,A patch cable is a flexible cable used for short connections between network equipment or outlets.
What is structured cabling?,Think standardized building cabling rather than improvised cables everywhere.,"Structured cabling is an organized cabling system using standardized components, pathways, termination points, and documentation."
What does PoE provide?,Think powering an access point or IP camera through its Ethernet cable.,Power over Ethernet supplies electrical power over Ethernet cabling along with network connectivity.
What is an IP camera?,Think a camera that communicates over the network instead of requiring only a dedicated analog video cable.,An IP camera sends video over an IP network and may receive power through PoE.
What is a VoIP phone?,Think telephone service delivered through an IP network.,A VoIP phone converts voice into network traffic for communication over IP networks.
A VoIP call has good audio but one-way communication. What should you investigate?,The call setup may work while media traffic has a problem in one direction.,"Check RTP/media paths, firewall/NAT rules, SIP configuration, routing, and whether required UDP ports are blocked."
A VoIP call has severe delay and robotic audio. What network characteristics should you investigate?,Voice quality is especially sensitive to time-related network problems.,"Investigate latency, jitter, packet loss, congestion, QoS, and bandwidth."
What is jitter in VoIP?,Packets arriving at uneven intervals can make voice sound broken.,Jitter is variation in packet arrival timing.
What is packet loss?,Some network packets never reach their destination.,Packet loss occurs when packets are dropped or otherwise fail to reach the destination.
What is QoS?,Think prioritizing voice traffic when the network is busy.,Quality of Service mechanisms prioritize or manage traffic so latency-sensitive applications such as VoIP receive appropriate treatment.
What is a MAC address table on a switch?,The switch needs to know which port leads to which device.,A MAC address table maps learned MAC addresses to switch ports.
What happens when a switch doesn't know the destination MAC address?,The switch knows the destination is on the LAN but doesn't know which port yet.,"It typically floods the frame out relevant ports in the VLAN, except the port on which it arrived."
What is ARP used for in IPv4?,A computer knows an IP address but needs a local Layer 2 destination.,ARP resolves an IPv4 address to a MAC address on the local network.
What is an ARP cache?,You don't want to perform a new lookup for every local packet.,The ARP cache stores recently learned IPv4-to-MAC mappings.
What is the purpose of a DNS cache?,Repeatedly asking DNS servers for the same answer is inefficient.,A DNS cache temporarily stores DNS responses to reduce lookup time and network traffic.
A website works on one computer but not another using the same network. What should you compare first?,"If the network is shared, compare the affected machine's configuration.","Compare IP configuration, DNS settings, proxy settings, browser behavior, firewall/security software, and local connectivity."
What does a proxy server do?,Think an intermediary between a client and Internet resources.,"A proxy acts on behalf of clients when accessing network resources and can provide filtering, caching, authentication, or other controls."
What is a captive portal?,Think hotel or airport Wi-Fi that makes you accept terms before Internet access works.,A captive portal intercepts or redirects users to an authentication/terms page before granting normal Internet access.
What is a rogue access point?,Think unauthorized Wi-Fi equipment connected to a business network.,A rogue access point is an unauthorized wireless access point that can create security and networking risks.
What is Bluetooth interference?,Bluetooth shares the crowded 2.4 GHz band with other technologies.,"Nearby Wi-Fi, microwave ovens, and other 2.4 GHz devices can contribute to interference."
What should you check if a Bluetooth keyboard repeatedly disconnects?,"Think power, range, interference, pairing, and drivers.","Check battery level, distance, interference, pairing state, Bluetooth drivers, and the receiving adapter."
What should you do if a USB device repeatedly disconnects?,Start with the physical connection and power requirements.,"Try another port/cable, inspect the connector, check USB power requirements, drivers, device manager, and power-management settings."
What is USB backward compatibility?,"Newer USB standards can often communicate with older devices, but speed and features may change.","USB standards generally support interoperability across generations, with the connection operating according to the capabilities of the devices and cables involved."
What is a powered USB hub useful for?,Some USB devices draw more power than a basic hub or port can comfortably provide.,A powered hub has its own power source and can better support multiple or higher-power USB devices.
What is biometric authentication?,Think fingerprint or face recognition.,Biometric authentication uses a physical characteristic to help verify identity.
What is a touchscreen digitizer?,The display shows the picture; another layer detects touch.,The digitizer detects touch input and converts it into input data.
A smartphone display works but touch input does not. What hardware component should you suspect?,Separate the visual display function from the touch-detection function.,The digitizer/touch layer or its connection may be faulty.
What is a gyroscope in a mobile device?,Think detecting rotational movement.,A gyroscope measures angular rotation and helps determine device orientation/movement.
What is an accelerometer?,Think detecting changes in linear motion and orientation relative to gravity.,An accelerometer measures acceleration and is used for functions such as screen rotation and motion detection.
What is GPS/GNSS used for?,Think determining geographic position.,"GNSS technologies, including GPS, allow a device to determine its location using satellite signals."
What is a mobile device's proximity sensor used for?,Think what your phone needs to know when you hold it near your face during a call.,"It detects nearby objects, commonly allowing the display to turn off when the phone is held near the user's face."
What is a mobile device's ambient light sensor used for?,Think automatic screen brightness.,It measures surrounding light so the device can adjust display brightness.
What is screen burn-in?,Static images displayed for long periods can leave persistent visual artifacts on some display technologies.,Burn-in is persistent image retention caused by prolonged display of static content.
What is a dead pixel?,Think a tiny spot on the display that doesn't behave like neighboring pixels.,"A dead pixel is a pixel that fails to display correctly, often remaining dark or stuck on a particular state."
What is a BIOS/UEFI boot order?,"When several bootable devices exist, the firmware needs to know which one to try first.",Boot order determines the sequence in which firmware checks devices for bootable media.
A computer says 'No boot device found' after replacing its SSD. What should you check?,Don't immediately assume the new SSD is defective.,"Check physical connection, BIOS/UEFI detection, boot mode, boot order, partition/bootloader configuration, and whether the drive contains a bootable OS."
What is a bootable USB drive?,Think installing an operating system or running a diagnostic environment without using the internal drive.,A bootable USB contains the necessary boot files and software to start a computer.
What is the difference between BIOS/UEFI firmware and the operating system?,One initializes hardware and starts the boot process; the other provides the normal computing environment.,Firmware initializes hardware and manages early boot functions; the operating system manages hardware/resources and provides the user/application environment.
What does ls do in Linux?,Think Windows dir.,ls lists directory contents.
What does pwd do in Linux?,The command tells you where you currently are in the filesystem.,pwd prints the current working directory.
What does cd do in Linux?,Think changing folders.,cd changes the current working directory.
What does mkdir do in Linux?,Think make a directory.,mkdir creates a directory.
What does rm do in Linux?,Be careful: this command can remove files and directories depending on options.,"rm removes files and, with appropriate options, directories."
What does cp do in Linux?,Think copying a file or directory.,cp copies files or directories.
What does mv do in Linux?,It can move files and is also commonly used to rename them.,mv moves or renames files/directories.
What does cat do in Linux?,Think quickly displaying the contents of a text file.,cat outputs file contents to the terminal and can concatenate files.
What does grep do in Linux?,Think finding lines that match a pattern.,grep searches text for matching patterns.
What does chmod do?,Linux permissions are important; this command changes them.,chmod changes file or directory permission bits.
What does sudo do?,Think temporarily performing a command with elevated privileges.,sudo runs a command with privileges granted by the system's sudo configuration.
What does ps do in Linux?,Think viewing running processes.,ps displays information about running processes.
What does top do?,Think a live view of processes and resource usage.,top provides a dynamic view of running processes and system resource usage.
What does df do in Linux?,Think filesystem disk space rather than individual file sizes.,df reports filesystem space usage.
What does free do in Linux?,Think RAM and swap usage.,free displays memory and swap usage.
What does ip addr show in Linux help you find?,Think Linux's modern networking command suite.,It displays network interfaces and IP address information.
What does ip route show in Linux help you find?,Think routing table.,It displays the system's IP routing table.
What does systemctl do?,Think controlling and inspecting services on systems using systemd.,systemctl manages and queries systemd services and other units.
What does journalctl do?,Think system logs on a system using systemd.,journalctl queries and displays logs from the systemd journal.
A Linux server has an application that won't start. Which two commands could help you investigate the service?,One can inspect the service; the other can inspect its logs.,systemctl status and journalctl are useful starting points.
What is a file permission in Linux?,"Linux uses permissions to control who can read, write, or execute a file.","Permissions determine access for the owner, group, and others."
What does the root account represent in Linux?,Think the highest traditional administrative privilege level.,root is the superuser account with extensive administrative privileges.
What is a kernel?,It's at the heart of the operating system and interacts closely with hardware.,The kernel is the core of an operating system responsible for hardware/resource management and core system functions.
What is a device driver?,The OS needs software that knows how to communicate with specific hardware.,A driver allows the operating system to communicate with and control a hardware device.
A newly installed network adapter appears with an error in Device Manager. What should you investigate?,Think software communication between Windows and the hardware.,"Check driver installation, device status, hardware compatibility, resources, and physical seating/connections."
What is Device Manager useful for?,Think Windows hardware inventory and driver troubleshooting.,Device Manager displays hardware devices and their driver/status information.
What is Safe Mode useful for?,Think starting Windows with a minimal set of drivers/services to isolate software problems.,Safe Mode loads a minimal environment useful for diagnosing driver and software-related problems.
What is the difference between a hard reboot and a graceful shutdown?,One gives the operating system a chance to close processes cleanly; the other may not.,A graceful shutdown lets the OS and applications close normally; a hard reboot/power-off can interrupt operations and risk data loss.
What is a BSOD?,Think Windows stopping because of a serious system-level error.,A Blue Screen of Death is a Windows stop error indicating a serious system problem.
A computer blue-screens immediately after installing a new driver. What should you suspect?,The timing is a major clue.,"The new driver may be incompatible, corrupted, or conflicting with the system."
What is the difference between hardware failure and driver failure?,One is physical/electrical; the other is software controlling the hardware.,Hardware failure involves the physical component or its electrical operation; driver failure involves software communication/control.
What is preventive maintenance?,Fixing something before it fails is generally cheaper than responding to an outage.,"Preventive maintenance includes actions such as cleaning, inspecting, updating, testing backups, and replacing components before failure."
Why is dust dangerous inside a PC?,Dust doesn't just look dirty; it can affect heat and airflow.,"Dust can block airflow, insulate components, clog fans/heatsinks, and contribute to overheating."
Why should compressed air be used carefully around fans?,A spinning fan can become an unintended generator or suffer mechanical stress.,Prevent fans from overspinning and follow appropriate equipment-cleaning procedures.
What is a thermal issue likely to look like?,Think symptoms that appear after the machine heats up.,"Symptoms can include crashes, shutdowns, throttling, instability, high fan speeds, and reduced performance."
What is the difference between latency and bandwidth?,One is delay; the other is capacity.,Latency is the time required for data to travel; bandwidth is the amount of data that can be transmitted over a period.
What is throughput?,The advertised speed isn't always what the application actually achieves.,Throughput is the actual rate of successfully transferred data.
What is jitter versus latency?,"Both affect VoIP, but they describe different timing problems.",Latency is delay; jitter is variation in packet arrival timing.
What is a collision domain?,Think Ethernet devices competing for access on a shared medium.,A collision domain is a network segment where simultaneous transmissions can potentially collide; modern switched full-duplex networks largely eliminate collisions on individual links.
What is a broadcast domain?,Think devices that receive a Layer 2 broadcast.,A broadcast domain is the set of devices that receive a given Layer 2 broadcast; routers and VLAN boundaries separate broadcast domains.
What is duplex mismatch?,One side thinks communication is full duplex while the other behaves differently.,"A duplex mismatch can cause poor performance, errors, retransmissions, and collisions/late collisions on affected Ethernet links."
A network connection negotiates at 100 Mbps when you expected 1 Gbps. What should you check?,Think physical layer before replacing the switch.,"Check cable category/condition, connectors, NIC and switch capabilities, port settings, and auto-negotiation."
What does CRC error information suggest?,Think corrupted frames at the physical/data-link level.,"CRC errors commonly indicate frame corruption caused by cabling, interference, hardware, or link problems."
What does a cable certifier do compared with a basic cable tester?,A basic tester can tell you whether the wires are connected; certification goes further.,A cable certifier performs detailed measurements to determine whether installed cabling meets specified standards/performance requirements.
What is a tone generator and probe used for?,Imagine a wiring closet full of nearly identical cables and you need to identify one.,"A tone generator puts a signal on a cable and a probe detects it, helping identify and trace cables."
What is a punchdown block?,Think where permanent copper network wires are terminated.,A punchdown block or termination point holds individual conductor wires using insulation-displacement contacts.
What is the purpose of T568A and T568B?,These standards define the color/pair pin assignments for Ethernet twisted-pair terminations.,T568A and T568B are standardized wiring schemes for terminating twisted-pair Ethernet cabling.
What is a crossover cable's wiring difference?,The key is that transmit and receive pairs are swapped between the ends.,A crossover cable uses different pin assignments at each end so transmit and receive pairs cross.
What is an RJ11 connector commonly associated with?,Think traditional telephone wiring rather than Ethernet.,RJ11-style connectors are commonly associated with telephone lines.
What is coaxial cable commonly used for?,"Think cable Internet, television, and some legacy networking.","Coaxial cable uses a central conductor, insulation, shielding, and outer jacket and is common in broadband/cable TV systems."
What is DSL?,Think broadband delivered over traditional telephone copper lines.,DSL provides digital broadband service over telephone copper wiring.
What is DOCSIS?,Think cable Internet service.,DOCSIS is a standard used to provide data communications over cable television infrastructure.
What is an ONT?,Think fiber Internet coming into a home or business.,An Optical Network Terminal converts the provider's fiber-optic service into an interface usable by customer networking equipment.
What is a demarcation point?,Think where the provider's responsibility ends and the customer's internal wiring begins.,The demarcation point is the boundary between a service provider's network and the customer's premises/network.
"A user says their Internet is slow, but only one application is affected. What should you avoid assuming?",Don't blame the entire network just because the user says 'Internet.',"Avoid assuming the ISP or network is the problem; investigate the specific application, server, DNS, proxy, local resources, and application configuration."
What is a DNS record?,"DNS stores different kinds of information, not just one generic IP address.","A DNS record contains information used to resolve or manage names, such as A, AAAA, MX, CNAME, and TXT records."
What does an A record contain?,Think IPv4.,An A record maps a hostname to an IPv4 address.
What does an AAAA record contain?,Think IPv6 and four A's.,An AAAA record maps a hostname to an IPv6 address.
What does an MX record identify?,Think email delivery.,An MX record identifies mail servers responsible for receiving email for a domain.
What does a CNAME record do?,Think alias rather than a direct IP address.,A CNAME creates an alias from one DNS name to another canonical name.
What does an MX record have to do with SMTP?,Email needs to know which server should receive messages for a domain.,SMTP uses DNS MX records to determine destination mail servers.
What is an Ethernet frame?,Think Layer 2 unit of communication.,An Ethernet frame is a Layer 2 data unit containing fields such as source/destination MAC addresses and payload.
What is an IP packet?,Think Layer 3.,An IP packet is a Layer 3 data unit containing source/destination IP addresses and other fields.
What is a port number?,An IP address identifies a host/interface; what identifies the service/application endpoint?,A port number identifies a transport-layer service/application endpoint on a host.
Why can two applications use the same IP address without conflicting?,They can use different transport-layer endpoints.,They can use different port numbers to identify their respective connections/services.
What is a socket in networking?,Think the combination used to identify an endpoint of communication.,"A socket is commonly associated with an IP address, transport protocol, and port number."
What does TCP three-way handshake establish?,"Think SYN, SYN-ACK, ACK.",It establishes a TCP connection and synchronizes sequence numbers between the endpoints.
What does SYN mean?,It appears during TCP connection establishment.,SYN is a TCP flag used to synchronize sequence numbers and initiate a connection.
What does ACK mean in TCP?,Think acknowledgment.,ACK indicates acknowledgment of received TCP information or handshake state.
What does FIN mean in TCP?,Think gracefully ending a TCP connection.,FIN indicates that a TCP endpoint has finished sending data and is closing its side of the connection.
What does RST mean in TCP?,Think an abrupt rejection or reset.,RST immediately resets/terminates a TCP connection or indicates that a connection is not available.
What is a port scan useful for in troubleshooting?,"Think determining whether services are reachable/listening, not automatically proving an attack.",A port scan can identify reachable/listening ports and help troubleshoot service/firewall exposure when authorized.
What is the difference between a listening port and an established connection?,One is waiting for clients; the other is actively communicating.,A listening port is waiting for incoming connections; an established connection represents an active communication session.
A server is reachable by ping but its web page won't load. What commands/tools could help?,Use tools that move beyond ICMP and inspect DNS and TCP behavior.,"Use nslookup to test DNS, netstat or ss to inspect local sockets where appropriate, and a TCP/HTTP connectivity test such as curl or a browser."
What does curl help troubleshoot?,Think testing web services directly from the command line.,curl can make HTTP/HTTPS requests and is useful for testing web-server connectivity and responses.
What does the Linux ss command help you investigate?,Think a modern replacement/alternative to many netstat uses.,"ss displays socket and connection information, including listening and established TCP/UDP sockets."
What is the practical difference between netstat and ipconfig?,One focuses on connections/sockets; the other focuses on interface configuration.,netstat displays network connections/listening ports and related information; ipconfig displays Windows IP configuration.
"A user cannot access a company server by name, but nslookup resolves the name correctly. What should you investigate next?","DNS works, so move one layer forward.","Check routing, firewall rules, port availability, service status, VPN connectivity, and application configuration."
A user can resolve DNS and ping a server but cannot connect to TCP 443. What does that suggest?,Three things work; focus on the service path.,"Investigate TCP 443 availability, firewall/ACL rules, server service status, NAT, and whether HTTPS is actually listening."
What is an ACL in networking?,Think a list controlling which traffic is allowed or denied.,An Access Control List contains rules controlling permitted or denied traffic or access.
What is a stateful firewall?,Think a firewall that remembers active connections rather than treating every packet independently.,A stateful firewall tracks connection state and uses that information when making filtering decisions.
What is a MAC address filter on Wi-Fi?,Think allowing or denying wireless clients based on their hardware addresses.,"MAC filtering permits or blocks clients based on their MAC addresses, although it is not a strong security mechanism because MAC addresses can be spoofed."
What is SSID hiding?,The wireless network name is not included in normal beacon advertisements.,SSID hiding suppresses normal SSID advertisement but does not provide strong security by itself.
Why is WPA3/WPA2 security preferable to an open Wi-Fi network?,Open Wi-Fi provides little or no wireless encryption/authentication.,WPA2/WPA3 provide wireless security mechanisms that protect traffic and authenticate clients according to the configured mode.
What is a deauthentication attack conceptually?,Think a client being forcibly disconnected from a Wi-Fi network.,A deauthentication attack abuses wireless management frames to force clients to disconnect; modern protections such as Protected Management Frames can help mitigate related attacks.
What is a wireless channel?,Think a portion of radio spectrum used by Wi-Fi devices.,A wireless channel is a defined portion of radio spectrum used for wireless communication.
What causes co-channel interference?,Multiple networks use the same channel and have to share airtime.,Co-channel interference occurs when multiple wireless networks operate on the same channel and compete for airtime.
What causes adjacent-channel interference?,Think nearby channels overlapping when they shouldn't.,Adjacent-channel interference occurs when signals from overlapping/nearby channels interfere with one another.
What is RSSI?,Think a measurement related to received wireless signal strength.,RSSI is a received signal strength indicator used to represent the strength of a received wireless signal.
What is SNR in wireless networking?,Strong signal isn't enough if the noise is also strong.,Signal-to-noise ratio compares desired signal strength with background noise; higher SNR generally supports better communication.
A Wi-Fi analyzer shows a neighboring AP using the same channel as your AP. What could you do?,Think reducing competition for airtime.,Choose a less congested channel where appropriate and optimize AP placement/power/channel planning.
What is roaming in Wi-Fi?,Think walking around an office while staying connected.,Roaming is the process of a wireless client moving between access points while maintaining network connectivity.
What is cellular roaming?,Think your phone using another carrier's network when outside its home carrier's coverage area.,Cellular roaming allows a device to use another carrier's network under an agreement with the home carrier.
What is a SIM/eSIM?,It identifies/subscribes the device to a cellular service.,A SIM or eSIM stores subscriber-related information used to authenticate a device/service on a cellular network.
What is IMEI?,Think a unique identifier associated with the mobile device hardware rather than the subscriber account.,IMEI is an identifier associated with a cellular device.
What is airplane mode?,Think quickly disabling wireless radios for travel or other situations.,Airplane mode disables some or all wireless radios according to the device's configuration.
What is a mobile device's MDM?,Think a business managing company-owned phones centrally.,"Mobile Device Management allows an organization to configure, secure, monitor, and manage mobile devices."
What is remote wipe?,Think a lost company phone containing sensitive data.,Remote wipe allows authorized management systems to erase data from a device remotely.
What is a printer driver?,The operating system needs software that knows how to communicate with the printer.,A printer driver translates operating-system print jobs into commands the printer understands.
A network printer works for everyone except one user. What should you check?,"If the printer and network work for everyone else, focus on that workstation.","Check the user's printer mapping, driver, permissions, print queue, network connectivity, and spooler."
A printer is visible by IP but won't print. What should you investigate?,Network reachability doesn't prove the printer service/queue is functioning.,"Check printer status, protocol/port, print queue, driver, printer configuration, and whether the printer is actually accepting jobs."
What is a printer's IP address used for?,Think network communication rather than the printed page.,It identifies the printer on the IP network so clients and print servers can communicate with it.
What is a print queue?,Think a waiting line for print jobs.,A print queue stores and manages jobs waiting to be processed by a printer.
What does 'printer offline' mean?,The operating system cannot currently communicate with the printer as expected.,"The printer is considered unavailable/offline, potentially due to power, network, USB, configuration, or driver problems."
What is a printer maintenance kit?,Think scheduled replacement of wear components in higher-volume printers.,"A maintenance kit typically contains serviceable wear components such as rollers, fusers, or related parts depending on the printer model."
What is a scanner's ADF?,Think scanning multiple pages without manually placing each page on the glass.,An Automatic Document Feeder feeds multiple pages through the scanner automatically.
What is duplex scanning?,Think scanning both sides of a document.,Duplex scanning captures both sides of a page.
What is OCR?,Think turning a picture of printed text into editable/searchable text.,Optical Character Recognition converts text in scanned images into machine-readable text.
What is a KVM switch?,"Think controlling multiple computers with one keyboard, video display, and mouse.",A KVM switch allows one set of keyboard/video/mouse peripherals to control multiple computers.
What is a biometric reader used for?,Think fingerprint or facial authentication at a workstation.,It captures a biometric characteristic for identity verification/authentication.
What is a barcode scanner?,Think retail checkout or inventory tracking.,A barcode scanner reads encoded visual patterns and converts them into data.
What is a webcam?,Think video input rather than display output.,"A webcam captures video for applications such as meetings, streaming, or security."
What is a microphone?,Think audio input.,A microphone converts sound into an electrical/digital signal that a computer can process.
A USB microphone is detected but produces no sound. What should you check?,Detection doesn't mean the correct input is selected.,"Check application input selection, operating-system sound settings, mute/volume, permissions, drivers, and physical connections."
A monitor displays 'No Signal' after installing a graphics card. What should you check first?,"Think cable path, correct output, seating, and power.","Check the monitor input, cable, GPU seating, GPU power connectors, and whether the cable is connected to the GPU rather than the motherboard when appropriate."
A PC has no video after a RAM upgrade. Why might RAM still be relevant?,The computer may not complete POST even though the symptom is 'no display.',"Incorrectly seated, incompatible, or faulty RAM can prevent successful POST and therefore prevent video output."
What is a CMOS/UEFI settings reset useful for?,Think restoring firmware configuration when bad settings prevent normal startup.,"Resetting firmware settings can resolve configuration problems such as incorrect memory, boot, or hardware settings."
What is overclocking?,Think intentionally running components beyond their normal rated settings.,"Overclocking increases component operating parameters to gain performance, potentially increasing heat, power consumption, and instability."
Why can insufficient PSU capacity cause intermittent problems?,The computer may work at low load but fail when the GPU/CPU demands more power.,"An inadequate or failing PSU may become unstable under load, causing crashes, shutdowns, or resets."
What is a modular PSU?,Think detachable power cables.,"A modular PSU allows some or all power cables to be connected only when needed, improving cable management."
Why should you never casually mix modular PSU cables between different PSU models?,The connector may fit even though the pinout can differ.,"Modular PSU cable pinouts can vary between models/manufacturers, and using the wrong cable can damage components."
What is a motherboard form factor?,Think physical size and mounting standard.,"A motherboard form factor defines physical dimensions, mounting points, and other layout characteristics."
"What are ATX, Micro-ATX, and Mini-ITX?",Think common motherboard sizes.,"They are motherboard form factors with different physical dimensions, expansion capabilities, and case compatibility."
What is an expansion slot?,"Think adding a graphics card, network adapter, or other expansion card.",An expansion slot provides an interface for installing additional hardware.
What is PCIe?,Think the primary modern high-speed expansion bus.,"PCI Express is a high-speed serial expansion interface used by GPUs, NVMe adapters, network cards, and other devices."
What does PCIe lane width mean?,"Think x1, x4, x8, x16.",Lane width indicates how many PCIe communication lanes are allocated to a device.
What is a chipset?,Think motherboard logic that helps coordinate communication and platform features.,A chipset is a collection of controller functions that supports communication and features around the CPU and motherboard.
What is a CPU socket?,Think where the processor physically and electrically connects to the motherboard.,A CPU socket provides the mechanical and electrical interface for a compatible processor.
What is a heat pipe?,Think moving heat from a hot component to a larger heatsink.,"A heat pipe transfers heat efficiently from one area to another, commonly using phase changes of an internal fluid."
What is liquid cooling?,Think circulating coolant through a water block and radiator.,"Liquid cooling transfers heat from a component to a coolant, which carries it to a radiator for dissipation."
What is airflow direction inside a PC important for?,Fans aren't simply there to spin; their direction determines the thermal path.,Correct airflow moves cool air toward components and hot air out of the case.
What is positive case pressure?,Think slightly more intake airflow than exhaust airflow.,"Positive pressure means the case receives slightly more intake air than it exhausts, which can help control where air and dust enter."
What is a failing fan likely to cause?,Think heat rather than immediate data corruption.,"A failed fan can reduce cooling and cause overheating, throttling, instability, or shutdowns."
What is SMART on a storage drive?,Think drive health monitoring.,SMART provides drive health and diagnostic information that can help identify potential storage failures.
What symptoms can indicate an SSD/HDD failure?,"Think data errors, slow access, missing files, and boot failures.","Symptoms can include corrupted data, read/write errors, unusual HDD noises, disappearing drives, SMART warnings, and boot failures."
Why should a failing drive be backed up before extensive troubleshooting when possible?,"Once a drive fails completely, recovery can become much harder.",Preserving data is usually more important than immediately experimenting with the failing drive.
What is a backup?,Think another copy of data that can be restored after loss.,"A backup is a separate copy of data maintained so it can be restored after deletion, corruption, failure, or disaster."
What is the 3-2-1 backup concept?,"Think three copies, two types of media, one copy elsewhere.","Keep at least three copies of data, on two different media types, with at least one copy off-site."
What is a full backup?,Think everything in the selected backup set.,A full backup copies all selected data.
What is an incremental backup?,Think only data changed since the previous backup of any type.,An incremental backup stores changes made since the last backup.
What is a differential backup?,Think changes since the last full backup.,A differential backup stores changes made since the most recent full backup.
What is cloud backup?,Think storing backup data with a cloud provider rather than only on local hardware.,"Cloud backup stores backup copies on remote provider infrastructure, often over the Internet."
What is a bare-metal restore?,Think restoring an entire computer system rather than just individual files.,A bare-metal restore restores a system to usable hardware without requiring the original operating environment to already be installed.
What is imaging?,Think capturing an entire disk or system state rather than selecting individual files.,Disk/system imaging creates a sector/file-level image that can be restored to recreate a system or disk.
What is a recovery partition?,Think a special area on a storage drive used to help repair or restore the operating system.,A recovery partition contains recovery tools or system files used for repair/reset/recovery.
What is system restore in Windows?,Think rolling certain system configuration and software changes backward without necessarily restoring personal files.,"System Restore can revert system files, drivers, registry settings, and installed-program state to a previous restore point."
What is the difference between rebooting and restarting a service?,One affects the whole operating system; the other targets a specific background process/service.,A reboot restarts the operating system; restarting a service affects only that service and its dependencies.
A network printer suddenly stops responding after a switch change. What should you check first?,Think whether the printer still has a valid physical and logical network path.,"Check link lights, switch port/VLAN, IP address, gateway, DHCP/static configuration, and network reachability."
A printer has an IP address of 192.168.1.50 but the PC is 10.0.0.20. What should you question?,Compare the networks before blaming the printer.,The devices may be on different subnets and require appropriate routing; verify whether that addressing is intentional and whether a gateway/routes exist.
What is a static IP address?,Think manually assigned rather than leased by DHCP.,A static IP is configured manually and generally remains fixed until changed.
When is a static IP useful for a network printer?,You don't want a printer's address changing unexpectedly and breaking mappings.,"A stable address can simplify printer management and client configuration, though DHCP reservations are also commonly used."
What is a DHCP reservation?,Think automatic addressing with a predictable result.,"A DHCP reservation causes a particular client, identified by its MAC/client identifier, to receive a consistent IP address."
What is a default route?,Think where packets go when there isn't a more specific route.,A default route is used when no more specific routing-table entry matches the destination.
What is a routing table?,Think the map a device uses to decide where packets should go.,A routing table contains network destinations and the next-hop/interface used to reach them.
What does route print show on Windows?,Think the Windows routing table.,route print displays the local routing table and related interface information.
What does arp -a show on Windows?,Think cached local IP-to-MAC mappings.,arp -a displays the ARP cache.
What is the purpose of a loopback address?,Think testing the local TCP/IP stack without relying on the physical network.,The IPv4 loopback address is 127.0.0.1; IPv6 uses ::1.
"If ping 127.0.0.1 works but ping the default gateway fails, what does that tell you?","The local TCP/IP stack works, but something farther away may not.","The local protocol stack is functioning; investigate the NIC, cable/Wi-Fi, local network, gateway, or addressing."
"If ping the gateway works but ping 8.8.8.8 fails, what should you investigate?","Local LAN connectivity works, so move outward.","Investigate routing beyond the gateway, ISP connectivity, firewall rules, NAT, and upstream problems."
"If ping 8.8.8.8 works but a website name fails, what should you investigate?",You have Internet reachability but name resolution is suspect.,"Investigate DNS configuration, DNS server availability, and local DNS caching."
What is the CompTIA troubleshooting mindset that prevents wasted time?,"Think evidence first, guesses second.","Gather symptoms, establish a probable cause, test it, make one controlled change when possible, verify the fix, and document it."
Why should you change one variable at a time when troubleshooting?,"If you replace five things simultaneously, you don't know which change mattered.",Changing one variable at a time preserves cause-and-effect information and makes the diagnosis easier to reproduce.
What should you do before opening a customer's computer?,"Think safety, authorization, and preserving the customer's environment.","Confirm the problem and authorization, protect against ESD, follow safety procedures, and protect/record customer data as appropriate."
What is a good first question when a user reports a vague computer problem?,"You need a reproducible symptom, not just 'it doesn't work.'","Ask the user what changed, what they were doing when it happened, when it started, and what exactly they observe."
"A user says 'the Internet is down,' but another employee is online. What should you ask?",The user's description may be broader than the actual fault.,"Determine whether the issue affects only their device, which applications fail, whether Wi-Fi/Ethernet is connected, and what error they see."
Why is reproducing a problem valuable?,Seeing the failure yourself gives you much better evidence.,"Reproducing the problem helps verify symptoms, identify patterns, test theories, and confirm the final fix."
What does a blue-screen memory error after adding RAM suggest?,"Think compatibility, seating, or defective memory before blaming Windows applications.","Check memory compatibility, module seating, BIOS settings, and run appropriate memory diagnostics."
What does a SMART warning on an HDD suggest?,The drive is giving you an early warning rather than a normal performance complaint.,Treat it as a potential drive-failure warning and prioritize backup/replacement.
A laptop is extremely slow only when running on battery. What power setting should you investigate?,Many laptops change performance profiles when unplugged.,"Check the operating system's power plan, battery health, thermal behavior, and manufacturer performance settings."
What is a power plan?,Think Windows deciding how aggressively the system uses power and performance resources.,"A power plan controls settings related to processor performance, display timeout, sleep, and power usage."
A laptop doesn't charge even though the charger is connected. What should you check?,"Separate the wall outlet, adapter, connector, battery, and charging circuitry.","Check the outlet, charger/adapter, cable, charging port, battery condition, indicator lights, and system charging settings."
What is USB-C alternate mode?,USB-C is a connector; some devices can send display signals through it.,Alternate modes allow USB-C connections to carry protocols such as DisplayPort when supported.
What is a docking station's biggest career advantage for an office worker?,Think one cable replacing a pile of daily connections.,"A dock simplifies connecting displays, Ethernet, USB peripherals, audio, and power to a laptop."
What is a mobile device's MDM enrollment useful for an IT department?,Think standardized configuration rather than configuring every phone manually.,"MDM enrollment allows centralized policies, application deployment, security settings, inventory, and remote management."
What is a firmware update?,Think software stored close to the hardware that controls device behavior.,"A firmware update changes software stored on hardware devices to add features, improve compatibility, or fix bugs/security issues."
Why should firmware updates be performed carefully?,A failed firmware update can leave hardware unable to start normally.,"Firmware flashing can be sensitive to power loss, incorrect files, or interruptions and should follow manufacturer procedures."
What is a driver update?,Think software used by the operating system to control hardware.,A driver update replaces or updates the software interface between the OS and hardware.
Why can a driver update sometimes make a system worse?,Newer doesn't always mean compatible with every system.,"A driver may contain bugs, introduce compatibility issues, or conflict with existing software/hardware."
What is virtualization useful for in a career setting?,Think one physical server running multiple isolated workloads.,"Virtualization can improve hardware utilization, simplify testing/deployment, and reduce physical infrastructure requirements."
What is a sandbox?,Think a controlled environment where software can be tested without exposing the main system as directly.,A sandbox isolates software or workloads to reduce risk and make testing safer.
What is a VM's virtual NIC?,A VM needs network connectivity just like a physical computer.,A virtual NIC is a software-defined network adapter presented to a virtual machine by the hypervisor.
What is NAT in a virtual machine environment?,Think a VM reaching the Internet without appearing as an independently routed machine on the physical LAN.,NAT allows a VM to share the host's network connection through address translation.
What is bridged networking for a VM?,Think the VM appearing directly on the physical network like another machine.,Bridged networking connects the VM's virtual NIC to the physical network so it can obtain/use an address on that network.
What is host-only networking?,Think a private network between the host and its VMs without normal external access.,Host-only networking provides connectivity between the host and virtual machines on an isolated virtual network.
What is cloud multitenancy?,Think multiple customers using shared provider infrastructure while remaining logically isolated.,Multitenancy means cloud infrastructure/resources are shared among multiple customers with logical isolation.
What is a service-level agreement (SLA)?,Think the provider's promised service expectations.,"An SLA defines agreed service expectations such as availability, response times, and support responsibilities."
What is high availability?,Think designing systems to minimize downtime rather than waiting for one server to fail.,High availability uses redundancy and design techniques to keep services operational despite failures.
What is fault tolerance?,Think continuing operation despite a component failure.,Fault tolerance means a system can continue functioning when one or more components fail.
What is redundancy?,Think having another component ready to take over.,Redundancy provides duplicate or alternate components/resources to reduce the impact of failures.
What is a single point of failure?,"If this one component dies, the entire service goes down.",A single point of failure is a component whose failure can cause the service/system to fail because no adequate redundancy exists.
What is the difference between availability and reliability?,One concerns being operational when needed; the other concerns consistent operation over time.,Availability measures how often a service is usable; reliability concerns consistent operation without failure over time.
A company wants employees to use a hosted email application without managing mail servers. Which cloud model fits?,They're consuming a complete application.,SaaS.
A developer wants a managed application runtime without managing the underlying operating system. Which cloud model fits?,"They need a platform, not raw virtual machines.",PaaS.
A company wants virtual servers and storage from a cloud provider and will manage the operating systems itself. Which model fits?,They are renting infrastructure rather than a finished application.,IaaS.
A technician wants to verify whether TCP 443 is listening locally on Linux. What could they use?,Think socket inspection.,ss -lntp or another appropriate ss/netstat command.
A Windows technician wants to determine which process owns a listening TCP port. What could they use?,Think netstat combined with process IDs.,netstat -ano can display the PID; Task Manager or tasklist can then help identify the process.
A user reports slow file access to a Windows server. What protocol might be involved?,Think Windows file sharing.,"SMB, commonly over TCP 445."
A Linux server needs to provide remote command-line access securely. What protocol should you think of?,Think encrypted alternative to Telnet.,"SSH, normally TCP 22."
Why should Telnet generally not be used for sensitive remote administration?,Think about whether credentials are protected while crossing the network.,"Traditional Telnet transmits traffic, including credentials, without the encryption provided by SSH."
What is SFTP?,Think secure file transfer through an SSH connection.,SFTP is the SSH File Transfer Protocol and commonly operates over TCP 22.
Is SFTP the same thing as FTPS?,"Both can secure file transfers, but don't confuse their underlying technologies.",No. SFTP runs over SSH; FTPS uses FTP with TLS.
What is FTPS?,Think FTP protected using TLS.,FTPS is FTP secured with TLS.
What is an MX record used for in troubleshooting email?,"If mail isn't arriving, DNS may tell you where it should be delivered.",MX records identify the mail servers responsible for receiving mail for a domain.
What is a mail relay?,Think a mail server forwarding messages to another mail server.,A mail relay accepts mail for forwarding to another destination according to its configuration and policies.
What is SMTP used for?,Think sending/relaying email rather than reading a mailbox.,SMTP is used for sending and relaying email.
What is IMAP useful for on a phone and laptop?,Both devices should see the same mailbox state.,IMAP keeps mail synchronized on the server so multiple clients can maintain a consistent mailbox.
What is POP3's major limitation compared with IMAP?,Think a protocol originally designed around downloading mail.,POP3 is primarily designed for retrieving mail and traditionally provides less server-side synchronization than IMAP.
What is an IP address conflict?,Two devices cannot normally use the same IPv4 address on the same network segment without problems.,"An IP address conflict occurs when multiple devices are configured or assigned the same IP address, causing connectivity problems."
What symptoms can an IP conflict cause?,Think intermittent or confusing connectivity.,"Devices may experience intermittent connectivity, ARP changes, duplicate-address warnings, or inability to communicate reliably."
What can cause DHCP exhaustion?,The DHCP server has a finite pool of addresses.,Too many active leases or a malicious/incorrectly configured device consuming addresses can exhaust the available DHCP scope.
What is a DHCP scope?,Think the pool of addresses a DHCP server can hand out.,A DHCP scope defines the range and associated options from which a DHCP server leases addresses.
What is lease time in DHCP?,The address isn't necessarily yours forever.,Lease time defines how long a DHCP client may use an assigned address before renewal is required.
What is a subnet?,Think a logical division of an IP network.,A subnet is a logical subdivision of an IP network defined by its address and mask/prefix.
What is CIDR notation?,Think 192.168.1.0/24.,CIDR notation represents an IP network using an address followed by a prefix length indicating how many bits belong to the network.
What does /32 represent in IPv4 CIDR?,All 32 bits are part of the prefix.,A /32 represents one IPv4 address.
What does /0 represent?,No bits are fixed as the network prefix.,A /0 represents all IPv4 addresses and is commonly used for a default route.
What is a broadcast address?,Think sending to every host on a subnet.,An IPv4 broadcast address targets all hosts on a local subnet.
What is multicast?,Think one sender communicating with a selected group rather than everyone.,Multicast delivers traffic to a subscribed group of receivers.
What is unicast?,Think one sender to one destination.,Unicast is one-to-one network communication.
What is broadcast?,Think one sender to every host in the broadcast domain.,Broadcast is one-to-all communication within a broadcast domain.
What is a wireless controller?,Think centrally managing many enterprise access points.,A wireless LAN controller centrally manages and coordinates enterprise wireless access points.
What is an SSID versus BSSID?,One identifies the network name; the other identifies a specific wireless radio/access point interface.,"SSID is the wireless network name; BSSID identifies a specific basic service set, commonly represented by an AP radio's MAC address."
What is a rogue DHCP server?,Imagine an unauthorized device handing out incorrect gateways to clients.,A rogue DHCP server is an unauthorized DHCP service that can provide incorrect network settings and disrupt or redirect traffic.
A user receives a strange default gateway and DNS server after connecting to office Ethernet. What should you suspect?,DHCP normally supplies those settings automatically.,Investigate the DHCP server and consider whether an unauthorized/rogue DHCP server is responding.
What is an ARP spoofing attack conceptually?,Think a device falsely claiming ownership of another IP address's MAC mapping.,ARP spoofing involves sending false ARP information so traffic is associated with an attacker's MAC address.
Why can ARP spoofing be dangerous?,Traffic intended for another device may be redirected.,It can enable traffic interception or disruption on affected local networks.
What is the practical purpose of a network diagram?,Think troubleshooting and understanding dependencies.,"A network diagram documents devices, links, addressing, and topology, making troubleshooting and maintenance easier."
Why should an IT technician label cables?,A cable that looks identical to twenty others isn't useful if nobody knows where it goes.,"Labels reduce troubleshooting time, prevent accidental disconnections, and improve maintenance."
What is change management?,Think avoiding unexpected consequences when modifying production systems.,"Change management provides a controlled process for planning, approving, implementing, and documenting changes."
Why should you obtain user confirmation after fixing a problem?,The technician may think the issue is fixed while the user still cannot do their job.,User confirmation verifies that the original business-impacting problem is actually resolved.
What is a knowledge base in IT support?,Think a searchable collection of known fixes and procedures.,"A knowledge base stores documented troubleshooting steps, solutions, procedures, and technical information for reuse."
What is escalation?,"Some problems exceed the technician's authority, expertise, or access.","Escalation transfers an issue to a more appropriate technician, team, vendor, or support level."
What is a vendor support case useful for?,Think problems involving proprietary hardware/software or suspected defects.,"A vendor case provides access to manufacturer expertise, documentation, replacement processes, and specialized troubleshooting."
What is the difference between a symptom and a root cause?,One is what you observe; the other explains why it happened.,A symptom is an observable effect; the root cause is the underlying reason the problem occurred.
A user says their PC is slow. What is a better troubleshooting question than 'What's wrong?',You need measurable symptoms and timing.,"Ask when it became slow, what applications are affected, whether the slowness is constant, and what changed around the time it began."
A PC is slow because the storage drive is nearly full. Is replacing the CPU necessarily the right fix?,Don't fix the most expensive component just because performance is poor.,"No. Address the actual bottleneck first; free space, remove unnecessary data/software, and investigate storage performance before replacing unrelated hardware."
"A browser cannot reach websites, but other applications have Internet access. What should you investigate?",The network may be fine while browser-specific configuration is not.,"Check browser proxy settings, extensions, DNS/cache behavior, security software, certificates, and browser configuration."
What is a proxy configuration error?,Think a browser being told to send traffic through an unavailable intermediary.,An incorrect proxy setting can prevent web traffic even though general network connectivity works.
What is an SSL/TLS certificate used for?,Think HTTPS and verifying the identity of the server while encrypting communication.,A TLS certificate helps authenticate a server identity and enables encrypted TLS communication.
What does a certificate warning in a browser potentially indicate?,The browser cannot establish expected trust in the site's certificate.,"Possible causes include expiration, hostname mismatch, an untrusted issuer, incorrect system time, or interception/security software."
Why can incorrect system time cause HTTPS problems?,Certificates have validity periods.,"If the system clock is significantly wrong, certificates may appear expired or not-yet-valid."
What is a CMOS battery commonly used for?,Think preserving firmware settings and clock information when the computer is powered off.,A motherboard battery helps maintain real-time clock and certain firmware settings when the system is powered off.
What symptoms can indicate a failing CMOS battery?,Think settings that mysteriously reset after power is removed.,"Incorrect system time, lost firmware settings, or repeated firmware configuration warnings can indicate a weak battery."
What is a POST card useful for?,Think diagnosing startup problems before the operating system loads.,A POST diagnostic card can display hardware/firmware diagnostic codes during startup.
What is a beep code?,"If there is no display, firmware can still communicate certain hardware failures acoustically.",A beep code is a pattern of audible signals used by firmware to indicate POST/hardware conditions.
What is a diagnostic LED on a motherboard useful for?,"Think CPU, DRAM, VGA, and boot indicators.",Diagnostic LEDs can identify which hardware initialization stage is failing.
What is a hardware compatibility list/QVL?,Think a manufacturer's tested list of compatible components.,A Qualified Vendor List or compatibility list identifies components tested or supported by a motherboard/system manufacturer.
Why should you check motherboard documentation before installing a CPU?,The socket alone doesn't guarantee compatibility.,"The motherboard may require a specific CPU generation, BIOS version, power delivery capability, or memory configuration."
What is a BIOS/UEFI firmware update sometimes required for after installing a newer CPU?,The motherboard needs to recognize and initialize the new processor.,A newer firmware version may add CPU microcode/support required for the processor.
What is virtualization support in a CPU?,Think Intel VT-x or AMD-V.,CPU virtualization extensions allow hypervisors to efficiently run virtual machines.
What is hardware-assisted virtualization?,The processor provides features specifically designed to support virtualization.,Hardware-assisted virtualization uses CPU virtualization extensions to improve VM isolation and execution.
What is memory overcommitment in virtualization?,Think assigning VMs more virtual RAM than the host physically has available.,"Memory overcommitment occurs when allocated virtual memory exceeds physical host memory, potentially causing performance problems."
What is CPU overcommitment?,Think assigning more virtual CPU capacity than the host has physical processing resources.,CPU overcommitment occurs when virtual CPU allocations exceed physical CPU capacity and can reduce performance under load.
What is a virtual switch?,VMs need something analogous to a physical Ethernet switch.,A virtual switch connects virtual network interfaces and can connect VMs to physical networks.
What is a VM template?,Think a standardized master image used to deploy multiple VMs.,A VM template is a preconfigured baseline used to create consistent virtual machines.
What is cloud storage?,Think data stored on provider infrastructure and accessed through a network.,Cloud storage provides remote storage capacity through a cloud service.
What is object storage?,Think storing data as objects with metadata rather than traditional local filesystem blocks/files.,Object storage stores objects with associated metadata and unique identifiers and is commonly used for large-scale cloud data.
What is a cloud region?,Think a geographic area containing provider infrastructure.,A cloud region is a geographic area containing one or more cloud infrastructure locations.
What is an availability zone?,Think an isolated infrastructure location within a cloud region designed to improve resilience.,"An availability zone is a distinct infrastructure location within a cloud region, designed so workloads can be distributed for resilience."
What is cloud backup versus cloud storage?,One is primarily for recoverability; the other can act as an active storage service.,Cloud backup focuses on maintaining recoverable copies; cloud storage provides general-purpose remote data storage.
Why is redundancy important in cloud design?,Cloud doesn't automatically mean nothing can fail.,Redundancy reduces dependence on a single component or location and improves availability.
What is an endpoint?,Think the device at the edge where a user or application connects to the network.,"An endpoint is a device or system that participates in network communication, such as a PC, phone, printer, or server."
What is an IoT device?,"Think connected sensors, cameras, thermostats, or appliances.","An Internet of Things device is a connected physical device that can collect, communicate, or act on data."
What is a smart device security concern?,Many small devices still connect to the network and may have weak security controls.,"IoT/smart devices can introduce vulnerabilities through weak passwords, outdated firmware, unnecessary services, and poor network isolation."
Why might a company put IoT devices on a separate VLAN?,Think reducing what a compromised device can reach.,Network segmentation can limit an IoT device's access to sensitive systems.
What is network segmentation?,Think dividing one network into controlled security/traffic zones.,"Network segmentation separates systems into logical network areas using technologies such as VLANs, routing, and firewalls."
What is a DMZ?,Think a network segment for services that need controlled exposure to external networks.,A DMZ is a segmented network designed to isolate publicly accessible services from internal systems.
What is a bastion host?,Think a hardened system designed to provide controlled administrative access.,A bastion host is a specially secured system used as an access point to protected systems.
What is least privilege?,Give a user or service only what it actually needs.,Least privilege limits permissions and access to the minimum required to perform a task.
What is authentication?,Think proving who you are.,Authentication verifies an identity.
What is authorization?,Think deciding what that authenticated identity is allowed to do.,Authorization determines permitted actions/resources after identity is established.
What is accounting in AAA?,Think recording what happened after authentication and authorization.,Accounting tracks activity/resource usage for auditing and monitoring.
What does AAA stand for in networking/security?,"Think identity, permissions, and activity records.","Authentication, Authorization, and Accounting."
What is MFA?,Think password plus another independent factor.,Multi-factor authentication requires two or more authentication factors from different categories.
What are the three common authentication factor categories?,"Think something you know, have, and are.","Something you know, something you have, and something you are."
What is a strong password characteristic?,Long passphrases are generally easier to remember and can provide substantial entropy.,"A strong password is long, unique, difficult to guess, and not reused across services."
Why is password reuse dangerous?,One compromised website can become a key to other accounts.,"If the same password is reused, a breach at one service can expose other accounts."
What is phishing?,Think a fake message designed to trick a user into revealing information or taking an unsafe action.,Phishing is social engineering that attempts to deceive users into disclosing information or performing actions.
What should a technician do when a user reports a suspicious phishing email?,Don't treat the user's report as an inconvenience; it can prevent a breach.,"Follow the organization's security reporting process, avoid interacting with suspicious content, and preserve the message for investigation."
What is a firewall rule's source/destination/port concept?,"Think who, where, and what service.","Rules commonly evaluate source/destination addresses, protocols, ports, direction, and connection state."
Why can opening every port on a firewall be a bad troubleshooting technique?,It may make the problem disappear by removing the protection entirely.,It creates unnecessary exposure and can hide the actual misconfiguration; test and allow only the required traffic.
What is a DMZ useful for in a SOHO or small business?,Think isolating publicly reachable services from internal clients.,A DMZ can provide a separate security zone for services that need controlled external access.
What is port forwarding?,A device on the Internet needs to reach a service behind a private NAT router.,Port forwarding maps incoming traffic on a public address/port to an internal host/port.
Why is port forwarding potentially risky?,It makes an internal service reachable from outside.,Port forwarding increases exposure and should be limited to necessary services with strong security controls.
What is UPnP?,Think devices automatically asking a router to configure port mappings.,"Universal Plug and Play can allow applications/devices to automatically configure network services, but it can create security risks if improperly controlled."
What is QoS most useful for in a congested network?,Think traffic that is sensitive to delay rather than traffic that can wait.,QoS can prioritize latency-sensitive traffic such as voice/video over less time-sensitive traffic.
What is bandwidth saturation?,Think the network link is completely occupied.,Bandwidth saturation occurs when offered traffic approaches or exceeds available link capacity.
What does packet fragmentation mean?,A packet is too large for a network link's MTU.,Fragmentation breaks an IP packet into smaller pieces so it can traverse a network with a smaller maximum transmission unit.
What is MTU?,Think maximum packet size a link can carry without fragmentation.,Maximum Transmission Unit is the largest packet size that can normally be transmitted over a network interface/link.
What symptoms can an MTU problem cause?,Some sites or VPN applications may fail while simple connectivity tests work.,"MTU issues can cause intermittent connectivity, failed large transfers, or applications that work only partially."
What is a VPN tunnel's MTU issue?,Adding VPN encapsulation can reduce the space available for the original packet.,VPN overhead can lower the effective MTU and may require appropriate MTU/MSS handling.
What is MSS in TCP?,Think the amount of TCP payload that can fit inside a segment.,Maximum Segment Size is the largest TCP payload size an endpoint advertises for a connection.
What is NAT traversal important for VoIP?,Voice signaling and media can have trouble crossing address translation.,VoIP may require NAT-aware configuration or mechanisms such as STUN/TURN/ICE depending on the architecture.
What is STUN used for in VoIP/WebRTC-style communications?,Think discovering the public-facing address/port created by NAT.,STUN helps an endpoint discover how it appears from outside its NAT device.
What is TURN used for?,Think when direct peer-to-peer media can't get through NAT/firewalls.,TURN provides a relay server for media when direct connectivity is not possible.
What is ICE?,Think a framework for finding the best possible path between communication endpoints.,"ICE gathers and tests possible connectivity candidates, commonly using STUN and/or TURN."
What is SIP?,Think call setup and control rather than the voice stream itself.,"SIP is a signaling protocol used to establish, modify, and terminate multimedia communication sessions such as VoIP calls."
What is RTP?,Think actual real-time audio/video packets.,RTP transports real-time media such as voice and video.
What is RTCP?,Think companion control information for RTP.,"RTCP provides control, statistics, and quality information associated with RTP sessions."
A VoIP phone registers successfully but calls have no audio. What is a strong troubleshooting direction?,"Registration proves signaling is working, but media is separate.","Investigate RTP media paths, NAT/firewall rules, negotiated media ports/codecs, and routing."
What is a VoIP codec?,Think how voice is encoded into digital audio.,"A codec encodes and decodes audio/video and can affect bandwidth, quality, and compatibility."
What is G.711?,"Think a common higher-bandwidth, relatively uncompressed voice codec.",G.711 is a common PCM voice codec that provides high-quality audio but uses more bandwidth than compressed codecs.
What is a VoIP jitter buffer?,Think temporarily holding packets so uneven arrival times can be smoothed out.,A jitter buffer stores incoming packets briefly to compensate for variation in arrival timing.
Why can an overly large jitter buffer hurt VoIP?,Smoothing delay has a cost.,It can increase end-to-end latency even though it may reduce the audible impact of jitter.
What is a wireless site survey?,Think planning Wi-Fi based on measurements rather than guessing where access points should go.,"A site survey analyzes signal strength, interference, channel utilization, coverage, and placement requirements."
What is a heat map in Wi-Fi planning?,Think a visual map showing coverage characteristics across a building.,A Wi-Fi heat map visualizes metrics such as signal strength and coverage across an area.
What is antenna diversity?,Think multiple antennas helping a wireless device choose a better signal path.,Antenna diversity uses multiple antennas to improve reception/reliability in environments with multipath and interference.
What is MIMO?,Think multiple antennas transmitting/receiving multiple spatial streams.,"MIMO uses multiple antennas to improve throughput, reliability, or both through spatial techniques."
What is beamforming?,Think concentrating a wireless signal toward a client rather than radiating it identically everywhere.,Beamforming uses multiple antennas and signal processing to focus energy toward a receiving device.
What is Bluetooth Low Energy?,Think Bluetooth designed for lower-power devices such as sensors.,"Bluetooth Low Energy is designed for low-power wireless communication, especially for peripherals and IoT devices."
What is NFC's typical operating distance?,"Think tapping a phone against a payment terminal, not communicating across a room.","NFC is designed for very short-range communication, typically only a few centimeters in common use."
What is a QR code?,Think a camera-readable pattern that encodes information.,A QR code is a two-dimensional barcode that can encode data such as URLs or text.
What is a mobile device's gyroscope useful for in gaming?,Think detecting rotation and orientation.,"It detects angular movement, allowing applications to use device rotation as an input."
What is mobile device synchronization conflict?,Two devices changed the same data independently before synchronizing.,A synchronization conflict occurs when differing versions of the same data must be reconciled.
What is cloud synchronization different from cloud backup?,One keeps working copies consistent; the other is intended for recovery.,Synchronization propagates changes among devices/services; backup preserves recoverable historical copies.
What is a factory reset?,Think returning a device to a default state.,A factory reset erases user data/settings and restores the device to its factory/default software state.
Why should you back up a phone before a factory reset?,The reset is intended to remove local user data.,"A factory reset can erase local data, so important information should be backed up first."
What is a mobile device screen lock?,Think preventing unauthorized physical access.,A screen lock requires authentication before normal device access.
What is full-disk/device encryption?,Think protecting stored data if someone steals the device.,Encryption protects stored data so it is difficult to access without the required authentication/keys.
What is a hardware TPM?,Think a security chip used for cryptographic operations and key protection.,A Trusted Platform Module provides hardware-based security functions such as protected key storage and platform measurements.
Why is TPM relevant to modern Windows systems?,Think security features such as BitLocker and measured/secure boot scenarios.,TPM can securely store or protect cryptographic keys and support platform security features.
What is BitLocker?,Think Windows drive encryption.,BitLocker is Microsoft's full-volume encryption technology for supported Windows editions.
What is a recovery key?,Think the backup method needed if normal authentication can't unlock encrypted data.,A recovery key is an alternate credential used to recover access to encrypted data under specified recovery conditions.
What is data at rest?,Think information stored on a disk rather than traveling over a network.,"Data at rest is stored information, such as files on a drive."
What is data in transit?,Think information moving across a network.,Data in transit is information being transmitted between systems.
What is encryption in transit useful for?,Think preventing network observers from reading captured traffic.,Encryption protects data while it travels across networks.
What is TLS?,Think the security technology behind modern HTTPS.,"TLS provides encryption, integrity, and authentication mechanisms for network communications."
What is HTTPS?,Think HTTP protected by TLS.,"HTTPS is HTTP transmitted over a TLS-secured connection, normally using TCP 443."
What is SSH port forwarding?,Think using an SSH connection to carry another service's traffic securely.,SSH port forwarding tunnels selected traffic through an SSH connection.
What is remote administration?,Think managing a computer without physically sitting at it.,"Remote administration allows authorized technicians to configure, troubleshoot, or manage systems over a network."
What is RDP?,Think Windows graphical remote desktop.,Remote Desktop Protocol provides remote graphical access to Windows systems and commonly uses TCP/UDP 3389.
What is VNC?,Think remote graphical access using a different remote-desktop technology.,Virtual Network Computing provides remote graphical control of a computer.
What is screen sharing?,Think viewing or controlling another user's desktop to provide support.,Screen sharing allows a remote user or technician to view and sometimes control a graphical session.
What is a remote support security best practice?,Convenience should not eliminate authorization.,"Use authenticated, authorized remote tools, protect credentials, limit access, and terminate sessions when finished."
What is the purpose of an audit log?,Think reconstructing what happened after an event.,"Audit logs record security/system activity for troubleshooting, accountability, and investigation."
What is a syslog server?,Think centralizing logs from network devices and systems.,A syslog server collects and stores log messages from devices and systems using syslog.
What port does traditional syslog commonly use?,Think basic network logging.,UDP 514 is traditionally associated with syslog; secure/alternative implementations can use other transports and ports.
What port is commonly associated with LDAP?,Think directory services.,TCP/UDP 389.
What port is commonly associated with LDAPS?,Think LDAP secured with TLS.,TCP 636.
What port does RDP commonly use?,Think Windows remote desktop.,TCP/UDP 3389.
What port does SMB commonly use?,Think Windows file/printer sharing.,TCP 445.
What port does NTP use?,Think time synchronization.,UDP 123.
What port does SNMP use?,Think network management.,UDP 161.
What port does SNMP trap traffic use?,Think asynchronous notifications sent from monitored devices to a management system.,UDP 162.
What port does TFTP use?,Think simple file transfers commonly used by network devices for boot/configuration tasks.,UDP 69.
What is TFTP's major security limitation?,It is intentionally simple and lacks the security features of protocols such as SFTP.,TFTP does not provide the authentication and encryption expected from secure file-transfer protocols.
What port does NFS commonly use?,Think Unix/Linux network file sharing; the exact service-port behavior can vary by version/configuration.,NFS commonly uses TCP/UDP 2049.
What port does SMB use compared with NetBIOS Session Service?,Think modern Windows file sharing versus older NetBIOS-based SMB.,SMB commonly uses TCP 445; older NetBIOS Session Service commonly uses TCP 139.
What port does DHCP use for server responses?,Remember the server/client pair.,UDP 67.
What port does DHCP use on the client?,The client needs its own DHCP port.,UDP 68.
What port does HTTPS use?,Think secure web traffic.,TCP 443.
What port does HTTP use?,Think unencrypted web traffic.,TCP 80.
What port does SSH use?,Think secure remote shell.,TCP 22.
What port does FTP control traffic use?,Think classic FTP command/control connection.,TCP 21.
What port does FTP active-mode data use?,Think the separate data connection in classic active FTP.,TCP 20.
What port does Telnet use?,Think insecure remote terminal access.,TCP 23.
What port does SMTP traditionally use between mail servers?,Think server-to-server email relay.,TCP 25.
What port does secure SMTP submission commonly use?,Think authenticated client mail submission.,TCP 587.
What port does SMTPS commonly use?,Think SMTP over implicit TLS.,TCP 465 is commonly used for message submission over implicit TLS.
What port does POP3S use?,Think POP3 over TLS.,TCP 995.
What port does IMAPS use?,Think IMAP over TLS.,TCP 993.
What port does DNS use?,Think name resolution.,"UDP 53, with TCP 53 also used for cases such as large responses and zone transfers."
What port does SIP over TLS commonly use?,Think encrypted VoIP signaling.,TCP 5061.
What port does SIP commonly use without TLS?,Think standard SIP signaling.,UDP/TCP 5060.
What port does RDP use?,Think remote Windows desktop.,TCP/UDP 3389.
What is the OSI model's purpose?,Think a conceptual framework for understanding where networking functions occur.,"The OSI model divides networking functions into seven conceptual layers to help understand, design, and troubleshoot networks."
What are the seven OSI layers from Layer 1 upward?,Start with physical signals and end with applications.,"Physical, Data Link, Network, Transport, Session, Presentation, Application."
What OSI layer is Ethernet primarily associated with?,Think MAC addresses and frames.,"Layer 2, Data Link."
What OSI layer is IP primarily associated with?,Think logical addressing and routing.,"Layer 3, Network."
What OSI layer is TCP/UDP associated with?,Think ports and end-to-end transport.,"Layer 4, Transport."
What OSI layer is HTTP associated with?,Think application-level protocol.,"Layer 7, Application."
What layer handles electrical/optical/radio signaling?,"Think cables, connectors, voltage, light, and radio.","Layer 1, Physical."
What layer handles MAC addresses and frames?,Think switches.,"Layer 2, Data Link."
What layer handles IP addressing and routing?,Think routers.,"Layer 3, Network."
What layer handles ports and reliable transport?,Think TCP and UDP.,"Layer 4, Transport."
Why is the OSI model useful to a technician?,It gives you a structured way to narrow down where a problem lives.,"It helps technicians categorize problems by physical, link, network, transport, or application behavior instead of guessing randomly."
A network cable is physically broken. Which OSI layer should you investigate first?,Think signals and cables.,"Layer 1, Physical."
A switch has the wrong VLAN assigned to a port. Which OSI layer is primarily involved?,Think Ethernet segmentation rather than IP routing.,"Layer 2, Data Link."
A host has the wrong IP address or subnet mask. Which layer is primarily involved?,Think logical addressing.,"Layer 3, Network."
A server's TCP port is blocked by a firewall. Which layer should immediately come to mind?,Think ports and transport protocols.,"Layer 4, Transport."
An application is crashing after successfully connecting to its server. Which OSI layer is closest to the problem?,Think the application itself.,"Layer 7, Application."
What is encapsulation?,Think data gaining headers as it moves down the networking stack.,Encapsulation is the process of adding protocol information as data moves through networking layers.
What is decapsulation?,Think removing those headers on the receiving side.,Decapsulation is the process of removing protocol information as data moves up the networking stack.
What is MTBF?,Think how long a device is expected to operate between failures.,Mean Time Between Failures is a reliability metric representing the average operating time between failures for repairable equipment.
What is MTTR?,Think how long it takes to get something working again.,Mean Time To Repair is the average time required to repair and restore a failed system.
Why do IT professionals care about MTTR?,Faster recovery generally means less business downtime.,Lower MTTR generally means faster recovery from failures and reduced operational impact.
What is asset management?,Think knowing what hardware/software an organization owns and where it is.,"Asset management tracks organizational hardware, software, ownership, location, lifecycle, and related information."
Why should a technician record a newly installed component's serial number?,"Think warranty, inventory, and future troubleshooting.","Serial numbers help with asset tracking, warranty claims, support cases, and replacement history."
What is an ESD-safe work area?,Think controlling static before touching sensitive components.,"An ESD-safe work area uses appropriate grounding, mats, wrist straps, handling procedures, and environmental controls to reduce static damage."
What is the safest general approach to an unknown hardware failure?,Avoid making the situation worse while collecting evidence.,"Document symptoms, power down when appropriate, follow ESD/safety procedures, inspect connections, and test systematically."
What is a cable tester's wire-map function?,Think whether each conductor reaches the correct pin at the other end.,"Wire mapping identifies continuity and pin-to-pin wiring relationships and can reveal opens, shorts, reversals, or miswires."
What is a cable fault called when one conductor is disconnected?,Think no electrical path on one wire.,An open.
What is a cable fault called when two conductors unintentionally touch?,Think an unintended electrical connection.,A short.
What is a split pair?,Think the wires are connected to the correct pins but the twisted pairs are mixed incorrectly.,"A split pair occurs when conductors from different twisted pairs are improperly paired, potentially causing excessive crosstalk."
Why can a cable pass a simple continuity test but still perform poorly?,Continuity only proves basic electrical connection.,"A cable can have incorrect pair geometry, excessive crosstalk, poor termination, impedance problems, or other performance issues that a basic tester may not detect."
What is crosstalk?,Think one twisted pair interfering with another.,Crosstalk is unwanted signal coupling between adjacent communication pairs.
What is attenuation?,Think a signal becoming weaker as it travels.,Attenuation is the reduction in signal strength over distance or through components.
What is EMI?,Think unwanted electrical/radio interference.,Electromagnetic interference can disrupt electronic signals and communications.
Why is fiber immune to electromagnetic interference?,Think the signal is light rather than electrical current in copper.,"Fiber carries data using light, so electromagnetic fields do not interfere with the signal in the same way they can with copper."
What is a transceiver?,Think a device that can both transmit and receive.,A transceiver combines transmitter and receiver functions.
What is an SFP?,Think a small interchangeable network transceiver module.,SFP is a Small Form-factor Pluggable transceiver format commonly used in switches and networking equipment.
What is a NIC?,Think the component that provides network connectivity to a computer.,A Network Interface Card/controller provides a computer with network connectivity.
What is a virtual NIC?,Think a network adapter presented to a VM rather than physically installed.,A virtual NIC is a software-defined network interface provided to a virtual machine.
What is Wake-on-LAN?,Think remotely waking a powered-down/sleeping computer using a special network packet.,Wake-on-LAN allows a compatible computer to wake from a supported low-power state when it receives a magic packet.
What is MAC address spoofing?,Think changing the MAC address presented by a network interface.,MAC spoofing changes the MAC address reported by a device/interface.
Why might a technician use a MAC spoofing feature legitimately?,Think compatibility or testing rather than attack scenarios.,"It can be used for troubleshooting, testing network access controls, or replacing a device where a network expects a particular MAC address."
What is a network loop?,Think two switch paths accidentally creating a circular Layer 2 path.,"A network loop occurs when Layer 2 paths form a cycle, potentially causing broadcast storms and instability."
What technology helps prevent Layer 2 switching loops?,Think a protocol that builds a loop-free logical topology.,Spanning Tree Protocol and related variants help prevent Layer 2 switching loops.
What is STP?,Think switches preventing redundant physical links from creating loops.,Spanning Tree Protocol creates a loop-free logical topology by blocking redundant paths and allowing them when needed.
What is a broadcast storm?,Think a huge amount of broadcast/multicast traffic overwhelming a network.,A broadcast storm occurs when excessive broadcast or related traffic consumes network resources and degrades performance.
A switch network becomes unusable after someone connects two switch ports together with a patch cable. What might have happened?,Two paths may have created a Layer 2 loop.,A switching loop may have caused a broadcast storm; STP and proper network design help prevent this.
What is link aggregation?,Think combining multiple physical links into one logical connection.,Link aggregation combines multiple network links to increase capacity and/or provide redundancy.
What is LACP?,Think a standard way to negotiate link aggregation.,LACP is the Link Aggregation Control Protocol used to dynamically form and manage aggregated links.
What is a PoE budget?,A switch can provide only so much electrical power to connected devices.,A PoE budget is the total power available for delivery to connected PoE devices.
A PoE access point repeatedly reboots. What should you check?,The network may work while the power delivery does not.,"Check PoE budget, switch port configuration, cable quality, PoE standard compatibility, injector/switch power, and the AP's power requirements."
What is a PoE injector?,Think adding power to Ethernet when the switch doesn't provide it.,A PoE injector adds electrical power to Ethernet cabling for a compatible powered device.
What is a network tap?,Think a device that provides visibility into traffic for monitoring/troubleshooting.,A network tap provides a copy of network traffic to monitoring or analysis equipment.
What is a protocol analyzer?,Think inspecting packets rather than just checking whether a host responds.,"A protocol analyzer captures and analyzes network packets to troubleshoot protocols, performance, and communication problems."
What is Wireshark commonly used for?,Think packet capture and protocol analysis.,Wireshark is a network protocol analyzer used to capture and inspect network traffic.
A VoIP call has packet loss. What could Wireshark help reveal?,Think looking directly at RTP packets and their sequence/timing.,"A packet capture can reveal missing packets, timing variation, retransmissions, codec information, and other network behavior."
What is a packet capture?,Think taking a snapshot of network traffic for analysis.,A packet capture records network packets so they can be inspected later or in real time.
Why should packet captures be handled carefully?,Network traffic can contain sensitive information.,"Captures may contain credentials, personal information, or confidential data, so access and storage should be controlled."
What is a loopback interface?,Think a virtual interface used for local communication and testing.,A loopback interface represents the local system itself and does not require a physical network connection.
What is localhost?,Think the computer talking to itself.,localhost normally resolves to loopback addresses such as 127.0.0.1 or ::1.
What is the purpose of pinging localhost during troubleshooting?,It removes the physical network from the equation.,It tests whether the local IP networking stack is functioning.
A PC can ping localhost but not its own configured IP address. What could that suggest?,"The stack works, but the interface/address configuration may have a problem.","Investigate the network interface, IP configuration, driver, binding, and interface state."
What is an interface being administratively down?,Think software/configuration has disabled the network interface.,An administratively down interface has been disabled by configuration rather than simply losing physical link.
What is DHCP relay?,DHCP broadcasts normally don't cross routers; something has to help them reach a remote DHCP server.,A DHCP relay forwards DHCP requests between clients and a DHCP server across routed networks.
What is a DHCP server?,Think the device/service handing out IP configuration.,A DHCP server leases IP addresses and provides network configuration options to clients.
What is DNS recursion?,Think a DNS server doing the lookup work on behalf of a client.,A recursive DNS server queries other DNS servers as necessary to obtain an answer for the client.
What is a DNS authoritative server?,Think the server responsible for authoritative information about a DNS zone.,An authoritative DNS server provides definitive DNS records for zones it hosts.
What is a DNS resolver?,Think the service a client asks to resolve a hostname.,A DNS resolver performs DNS queries on behalf of clients and may cache responses.
What is a DNS TTL?,Think how long a DNS response can be cached.,Time To Live specifies how long a DNS record may generally be cached before it should be refreshed.
Why might a DNS change not appear immediately everywhere?,DNS records can be cached.,Resolvers and clients may continue using cached information until the record's TTL expires or caches are cleared.
What is a hosts file?,Think a local manual name-to-IP mapping that can override normal DNS behavior.,A hosts file provides local hostname-to-address mappings and can affect name resolution.
Why can an incorrect hosts-file entry cause a website problem?,The computer may never ask DNS for the name if the local mapping takes precedence.,A bad hosts entry can send the hostname to the wrong IP address or prevent normal DNS resolution.
What is the difference between public and private DNS?,One is reachable/used broadly on the Internet; the other can resolve internal names.,Public DNS serves publicly resolvable names; private DNS is used for internal namespaces and resources.
What is an IPv6 link-local address?,Think an address automatically usable on the local IPv6 link without normal global routing.,IPv6 link-local addresses typically use the FE80::/10 range.
What is IPv6 loopback?,Think IPv6's equivalent of 127.0.0.1.,::1.
What is IPv6 address compression?,Long IPv6 addresses can be shortened by omitting certain zero sequences according to rules.,IPv6 allows leading zeros in groups to be omitted and one consecutive run of zero groups to be replaced with ::.
What is SLAAC?,Think IPv6 hosts automatically configuring addresses without traditional DHCPv4-style address assignment.,Stateless Address Autoconfiguration allows IPv6 hosts to configure addresses using router advertisements.
What is dual stack?,Think IPv4 and IPv6 operating together.,Dual stack means a device/network supports both IPv4 and IPv6.
What is a default gateway in IPv6?,The concept still exists even though IPv6 addressing works differently.,An IPv6 host uses a router as its default route for destinations outside the local network.
What is a USB data-transfer rate versus physical connector?,Don't assume every USB-C port has the same capabilities.,"USB-C describes the connector; supported USB generation, data rate, video modes, and power depend on the device, port, and cable."
Why might a USB-C cable charge a laptop but fail to drive a monitor?,Charging and video are separate capabilities.,"The cable, port, or device may support power delivery but not the required DisplayPort/alternate-mode functionality."
What is a USB-C dock compatibility problem?,The connector fitting does not guarantee all features will work.,"Check USB data rates, DisplayPort/Thunderbolt support, power delivery, drivers, firmware, and the laptop's supported modes."
What is a display's refresh rate?,Think how many times per second the image can be refreshed.,Refresh rate is measured in hertz and indicates how many display refreshes occur per second.
What is display resolution?,Think pixels horizontally by vertically.,"Resolution is the number of addressable pixels in the display image, such as 1920x1080."
What is a dead backlight symptom on an LCD?,The image may exist but be extremely dark.,A failed backlight can cause a very dim or apparently black display even when image data is being generated.
What is burn-in versus temporary image retention?,One can be persistent; the other may fade.,"Burn-in is persistent display damage/image retention, while temporary image retention may disappear after the displayed content changes."
What is a touchscreen capacitive sensor?,Think detecting changes in an electrical field caused by a finger.,Capacitive touchscreens detect changes in capacitance when a conductive object touches or approaches the surface.
What is a stylus digitizer?,Think precise pen input rather than just finger touch.,A digitizer detects stylus/finger input and translates it into coordinates and input events.
What is a mobile device accelerometer calibration issue?,Think the phone thinks it is tilted when it isn't.,Incorrect sensor calibration can cause inaccurate orientation or motion detection.
What is a laptop's webcam privacy shutter?,Think a physical barrier rather than software permission.,A privacy shutter physically blocks the camera lens to prevent unintended visual capture.
What is a mobile device's IMEI different from a phone number?,One identifies the device; the other identifies a subscriber/service number.,IMEI identifies the cellular device hardware; a phone number identifies a subscriber/service endpoint.
What is eSIM's advantage?,Think no physical SIM card is required for supported devices.,An eSIM stores cellular subscription credentials electronically and can simplify carrier/profile changes.
What is mobile device tethering over USB?,Think sharing cellular Internet through a physical cable.,USB tethering shares the phone's cellular data connection with a connected computer through USB.
What is mobile device tethering over Bluetooth?,Think lower-power short-range sharing rather than Wi-Fi hotspot.,Bluetooth tethering shares a device's Internet connection using Bluetooth networking.
What is mobile device backup to the cloud useful for?,Think replacing a lost phone without losing everything.,Cloud backups can preserve supported settings/data and simplify restoration to a replacement device.
What is a factory reset not guaranteed to do?,Don't assume a reset solves every hardware problem.,"A factory reset cannot repair physically failed hardware such as a broken display, damaged connector, or dead battery."
What is a swollen laptop battery a sign of?,Think chemical/gas buildup inside the battery pack.,A swollen lithium-ion battery indicates a potentially hazardous battery failure and should not be punctured or casually reused.
What is a printer's paper feed roller responsible for?,Think grabbing and moving paper from the tray.,Feed rollers grip and move paper into the printer's paper path.
What can worn printer rollers cause?,Think paper failing to feed correctly.,"Worn rollers can cause misfeeds, multiple-sheet feeds, and paper jams."
What is ghosting on a printer?,Think a faint duplicate image appearing on the page.,"Ghosting is a repeated/faint image often associated with imaging, drum, toner, or fuser problems depending on printer type."
What is banding in an inkjet print?,Think horizontal stripes or inconsistent ink density.,"Banding is visible horizontal or repeating variations in print density, often caused by clogged nozzles, alignment, or print-head issues."
What is print-head alignment?,Think making sure color/nozzle positions line up correctly.,Print-head alignment adjusts the position of inkjet print heads to improve image/text quality.
What is nozzle cleaning on an inkjet printer?,Think ink drying inside tiny print-head openings.,A cleaning cycle attempts to clear clogged or partially blocked ink nozzles.
What is color calibration?,Think making colors printed/displayed more accurately match expected values.,Color calibration adjusts a device so colors are represented more consistently and accurately.
What is a printer's network port configuration?,Think the communication method used by the print system to reach it.,"It specifies how print traffic reaches the printer, such as a TCP/IP port using the printer's IP address and an appropriate protocol."
What is RAW printing commonly associated with?,Think direct TCP printing to a printer's port.,RAW printing commonly uses TCP port 9100 for direct print jobs.
What is LPR/LPD?,Think an older/common network printing protocol.,Line Printer Remote/Line Printer Daemon is a network printing protocol commonly associated with TCP 515.
What is IPP?,Think modern Internet/network printing protocol.,Internet Printing Protocol is a network printing protocol commonly associated with TCP 631.
What ports should you remember for common network printing?,"Think direct printing, LPD, and IPP.",RAW/JetDirect commonly uses TCP 9100; LPD commonly uses TCP 515; IPP commonly uses TCP 631.
A network printer works through its web interface but print jobs fail. What does that tell you?,"The printer's IP stack is reachable, but the printing service path may differ.","Investigate the print protocol/port, driver, queue, spooler, and printer configuration."
What is a printer's embedded web server useful for?,Think managing a network printer through a browser.,"It can provide status, configuration, supplies information, logs, and network settings."
What is a printer's firmware?,Think software controlling the printer's internal hardware.,"Printer firmware controls device operation and may be updated to fix bugs, security issues, or compatibility problems."
What is printer calibration useful for?,Think consistent output after replacing supplies or components.,Calibration adjusts printer mechanisms/output to maintain expected print quality.
What is an output device?,Think hardware that presents information from the computer to the user.,"An output device presents processed information, such as a monitor, printer, or speakers."
What is an input device?,Think hardware that sends information into the computer.,"An input device provides data or control input, such as a keyboard, mouse, scanner, microphone, or webcam."
What is a multifunction printer?,Think one office device doing several jobs.,"A multifunction printer can commonly print, scan, copy, and sometimes fax."
What is printer sharing?,Think one printer made available to multiple computers through a network or print server.,Printer sharing allows multiple clients to use a printer through a host or print server.
What is a print spooler crash?,Think all print jobs suddenly stop while other applications may continue working.,A spooler failure can prevent Windows from processing and sending queued print jobs.
What is a common troubleshooting step for a stuck Windows print queue?,Think clearing corrupted queued jobs and restarting the service.,Stop/restart the Print Spooler and clear problematic queued jobs using appropriate administrative procedures.
What is a printer's default gateway used for?,Think the printer communicating beyond its local subnet.,The default gateway allows the printer to reach devices/services outside its local subnet.
What happens if a network printer has the wrong subnet mask?,It may incorrectly decide which destinations are local versus remote.,The printer may fail to communicate correctly with clients or services on other networks.
What happens if a network printer has the wrong gateway?,Local communication may still work while remote communication fails.,The printer may be unable to reach clients or services outside its local subnet.
What happens if a network printer has duplicate IP addressing?,Think intermittent connectivity and ARP confusion.,Clients may reach the wrong device or experience intermittent communication because multiple devices claim the same address.
What is a print server's advantage over direct-IP printing for a larger organization?,Think centralized control.,"A print server can centralize queues, drivers, permissions, deployment, and management."
What is a printer driver mismatch?,The OS and printer may disagree about capabilities or command language.,"An incompatible driver can cause failed jobs, incorrect output, missing features, or crashes."
What is a universal print driver?,Think one driver designed to support multiple compatible printer models.,A universal print driver supports a range of printers from a vendor with a common driver architecture.
What is a printer's page count useful for?,Think maintenance planning and lifecycle management.,Page count helps track usage and determine when maintenance or supply replacement may be appropriate.
What is a consumable?,Think something regularly replaced during normal printer operation.,"Consumables include items such as toner, ink, drums, fuser units, or maintenance components depending on the printer."
What is a printer's toner cartridge versus drum?,One contains imaging material; the other participates in transferring the image.,The toner cartridge supplies toner; the photoconductive drum forms/transfers the electrostatic image and may be integrated or separate depending on the printer.
What is a printer's fuser roller problem likely to affect?,Think the final bonding stage.,"It can cause smearing, poor toner adhesion, wrinkling, or other finishing defects."
What is a laser printer's transfer roller/belt responsible for?,Think moving toner from the imaging system onto the paper.,It transfers toner from the imaging surface toward the paper.
What is an inkjet printer's print head responsible for?,Think tiny ink droplets.,The print head deposits ink onto the paper through microscopic nozzles.
What is a thermal printer's direct-thermal process?,Think special heat-sensitive paper.,Direct thermal printing uses heat applied directly to chemically treated paper.
What is thermal-transfer printing?,Think a ribbon transferring material to a label.,Thermal-transfer printing uses heat to transfer ink from a ribbon onto the media.
What is a dot-matrix printer useful for?,Think multipart forms and environments where impact printing matters.,Dot-matrix printers can print through multipart forms and are useful where impact printing is required.
What is printer resolution measured in?,Think print detail.,"Printer resolution is commonly measured in DPI, or dots per inch."
What does DPI mean?,Think the number of printable dots within an inch.,Dots per inch.
What is a monitor's DPI/PPI different from printer DPI?,Think screen pixels versus printed dots.,Display pixel density is commonly described in pixels per inch; printer resolution uses dots per inch.
What is a USB device's VID/PID useful for in troubleshooting?,Think identifying the manufacturer/product combination of a USB device.,USB Vendor ID and Product ID help identify a USB device and can assist with driver/device troubleshooting.
What is Device Manager's yellow exclamation mark usually telling you?,Think Windows has a problem with that device or its driver.,It indicates a device/driver/configuration problem requiring investigation.
What is a resource conflict?,Think two hardware devices trying to use the same system resource improperly.,"A resource conflict occurs when devices contend for resources such as I/O addresses, IRQs, memory ranges, or DMA channels, depending on platform."
What is plug and play?,Think the operating system automatically detecting and configuring hardware.,Plug and Play allows supported hardware to be detected and configured with minimal manual intervention.
What is hot-swapping?,Think removing/replacing a device while the system remains powered and operating.,"Hot-swapping allows supported hardware to be replaced without shutting down the system, provided the hardware/software supports it."
What is hot-plugging?,"Similar idea, but think connecting a device while powered on.",Hot-plugging means a device can be connected while the system is operating and detected without a full shutdown.
Why isn't every USB device safe to unplug without preparation?,Some devices can have cached writes or active operations.,"Devices may be actively transferring or caching data, so proper ejection/removal can prevent data corruption."
What does safely ejecting a USB storage device do?,Think ensuring pending writes are completed before removal.,It asks the operating system to finish outstanding operations and release the device safely.
What is a file system?,Think the structure that tells the OS how files are organized on storage.,"A file system organizes, names, stores, and retrieves files and associated metadata."
What is NTFS?,Think a common Windows file system.,"NTFS is a Windows file system supporting features such as permissions, journaling, and large volumes/files."
What is FAT32?,"Think an older, broadly compatible filesystem often used on removable media.",FAT32 is a widely compatible filesystem but has limitations such as a maximum individual file size of about 4 GiB minus 1 byte.
What is exFAT?,Think removable storage needing broad compatibility and large file support.,exFAT is designed for flash/removable storage and supports larger files/volumes than FAT32 while maintaining broad compatibility.
What is ext4?,Think a common Linux filesystem.,ext4 is a widely used Linux filesystem.
What is file fragmentation?,Think pieces of a file being stored in different physical locations.,"Fragmentation occurs when file data is stored in non-contiguous locations, which can affect performance on some storage technologies."
Why is traditional defragmentation generally more relevant to HDDs than SSDs?,Think mechanical head movement versus flash memory.,HDDs can benefit from reducing seek-related fragmentation; SSDs have no mechanical seek and excessive rewriting can add unnecessary wear.
What is TRIM for SSDs?,Think telling an SSD which blocks are no longer needed.,TRIM allows the operating system to inform an SSD about blocks that are no longer in use so the drive can manage them efficiently.
What is wear leveling?,Think spreading writes across flash cells.,Wear leveling distributes writes across flash memory to extend the drive's usable lifespan.
What is overprovisioning on an SSD?,Think reserving flash capacity for internal management.,Overprovisioning reserves some NAND capacity for functions such as garbage collection and wear leveling.
What is a firmware-level storage controller problem?,Think the drive may be physically connected but not behaving correctly at a lower level.,"Controller or firmware faults can cause drive detection, performance, or data-access problems."
What is a partition?,Think dividing a physical disk into logical regions.,A partition is a defined section of a storage device that can contain a filesystem or other data structure.
What is GPT?,Think modern partitioning scheme supporting large disks and many partitions.,GUID Partition Table is a modern partitioning scheme commonly used with UEFI systems.
What is MBR?,Think older partitioning/boot scheme.,Master Boot Record is an older partitioning scheme with limitations compared with GPT.
What is Secure Boot's relationship to UEFI?,Think firmware security feature.,Secure Boot is a UEFI feature that verifies trusted boot components before executing them.
What is bootloader?,Think software that starts the operating system.,A bootloader loads or starts the operating system kernel and related startup components.
What is kernel panic?,Think Linux/Unix equivalent of a severe operating-system failure.,A kernel panic occurs when the kernel encounters an unrecoverable condition.
What is swap in Linux?,Think disk space used as an extension/backup for memory management.,"Swap is storage space used by the OS when managing memory, including moving less-active pages out of RAM."
Why is excessive swap usage a performance concern?,Storage is generally much slower than RAM.,Heavy swapping can cause significant performance degradation.
What does kill do in Linux?,"Despite its name, it sends a signal to a process.","kill sends a signal to a process, which can request termination or perform other actions depending on the signal."
What does kill -9 do?,Think the forceful signal used when a process won't terminate normally.,SIGKILL forcibly terminates a process and cannot be caught or ignored by the target process.
What does man do in Linux?,Think built-in documentation.,man displays manual pages for commands and system interfaces.
What does which do in Linux?,Think finding the executable that would be run for a command.,which locates an executable in the user's PATH in systems where the command is available.
What does history do in many Linux shells?,Think remembering commands you've previously entered.,history displays previously executed shell commands.
What does clear do in a Linux terminal?,Think cleaning up the visible terminal screen.,clear clears the terminal display.
What does echo do?,Think printing text or variable values.,echo writes text or expanded values to standard output.
What does > do in a shell?,Think redirecting output into a file.,"> redirects standard output to a file, normally replacing its previous contents."
What does >> do in a shell?,"Similar to >, but think adding rather than replacing.",>> appends standard output to a file.
What does | do in a shell?,Think connecting the output of one command to another command's input.,The pipe operator sends one command's standard output to another command's standard input.
What does grep combined with a pipe let you do?,Think filtering the output of another command.,It allows you to search/filter command output for lines matching a pattern.
What is a shell?,Think the command interpreter between you and the operating system.,A shell interprets commands and provides an interface for interacting with the operating system.
What is Bash?,Think a very common Linux/Unix shell.,Bash is a widely used command-line shell.
What is the PATH environment variable?,Think how the shell finds executable commands.,PATH contains directories the shell searches for executable commands.
What is an environment variable?,Think configuration information available to processes.,An environment variable is a named value used by the operating system/shell/programs to store configuration or runtime information.
What is sudo versus su?,"Both relate to privilege, but they are used differently.","sudo runs commands with elevated privileges according to policy; su switches to another user account, often root."
What is a package manager?,"Think installing, updating, and removing software from repositories.",A package manager manages software packages and their dependencies.
What is apt used for?,Think Debian/Ubuntu-family Linux package management.,apt is a package-management command-line interface commonly used on Debian-based distributions.
What is dnf used for?,Think Fedora/RHEL-family modern package management.,dnf is a package manager commonly used by Fedora and related distributions.
What is yum?,Think older/common package-management command in Red Hat-family systems.,yum is a package-management tool used in Red Hat-family Linux systems; many modern systems use dnf underneath.
What is SSH key authentication?,Think replacing or supplementing passwords with cryptographic keys.,SSH key authentication uses a public/private key pair to authenticate an SSH client.
What is a public key versus private key?,One can be shared; the other must remain secret.,The public key can be distributed; the private key must be protected and kept secret.
What is a certificate authority?,Think an organization trusted to issue digital certificates.,A Certificate Authority issues and signs certificates that clients can validate against trusted CA certificates.
What is a self-signed certificate?,Think a certificate signed by the same entity it identifies.,A self-signed certificate is signed by its own key rather than a trusted external CA.
What is an expired certificate?,Think a certificate whose validity period has ended.,An expired certificate is no longer valid according to its specified validity period.
What is a hostname mismatch in TLS?,Think the name in the certificate doesn't match the server name requested.,A hostname mismatch occurs when the requested hostname is not covered by the certificate's valid names.
What is a man-in-the-middle attack conceptually?,Think an attacker secretly positioning themselves between two communicating parties.,A man-in-the-middle attack intercepts and potentially alters communications between parties.
How does TLS help against man-in-the-middle attacks?,Think encryption plus authentication of the server.,TLS helps by encrypting traffic and using certificates to authenticate the server when certificate validation succeeds.
What is a vulnerability?,Think a weakness that could potentially be exploited.,"A vulnerability is a weakness in hardware, software, configuration, or process that can create security risk."
What is a patch?,Think a software update that fixes something.,"A patch is an update intended to fix bugs, vulnerabilities, or other issues."
Why should technicians keep operating systems and drivers updated?,Updates can address both reliability and security problems.,"Updates can fix vulnerabilities, bugs, compatibility issues, and performance problems."
Why should you test updates before deploying them broadly in business environments?,A patch can introduce incompatibilities.,"Testing reduces the risk that an update will disrupt applications, hardware, or workflows."
What is a rollback?,Think undoing a problematic change.,"Rollback returns a system, configuration, driver, or update to a previous working state."
What is a restore point?,Think a checkpoint for certain Windows system changes.,A restore point captures selected system configuration information so Windows can roll back certain changes.
What is a recovery environment?,Think a minimal operating environment used to repair a broken OS.,"A recovery environment provides tools for repairing, restoring, resetting, or troubleshooting the operating system."
What is bootrec commonly associated with?,Think Windows boot-repair troubleshooting.,bootrec is a Windows recovery command used for certain boot configuration and bootloader repair tasks.
What is the Windows Event Viewer useful for?,Think logs rather than guessing from symptoms.,"Event Viewer displays Windows event logs that can provide information about application, system, security, and hardware-related events."
What is Event Viewer especially useful for after an unexpected reboot?,Think finding recorded evidence of what happened around the failure.,"Check System and relevant logs for errors, warnings, power events, drivers, and other clues."
What is Reliability Monitor useful for?,Think a timeline of Windows crashes and reliability problems.,Reliability Monitor presents a chronological view of application/system failures and related events.
What is Task Manager useful for?,"Think CPU, memory, disk, network, processes, and startup activity.",Task Manager provides real-time resource and process information and allows certain process/startup/service management tasks.
What does high CPU usage tell you?,"It tells you a resource is busy, not automatically why.","Identify the process consuming CPU and investigate whether the workload is legitimate, stuck, malicious, or caused by another issue."
What does high memory usage tell you?,"Think RAM pressure, but don't automatically blame a memory module.","Investigate which processes consume RAM, available memory, paging/swap, leaks, and whether the workload exceeds installed capacity."
What does high disk active time tell you?,"The storage subsystem is busy, but the cause could be reads, writes, latency, or a process generating I/O.","Identify processes generating disk I/O and check drive health, capacity, performance, and background tasks."
What does high network utilization tell you?,"Think traffic volume, not necessarily a faulty NIC.","Identify which process/device is generating traffic and determine whether the traffic is expected, excessive, or malicious."
What is a resource bottleneck?,Think the component limiting overall performance.,A bottleneck is the constrained resource that limits system throughput or responsiveness.
What is a memory leak?,Think an application keeps consuming memory without releasing it properly.,"A memory leak occurs when software fails to release memory it no longer needs, causing usage to grow over time."
What is a runaway process?,"Think a process consuming excessive CPU, memory, or other resources unexpectedly.",A runaway process is behaving abnormally and consuming excessive system resources.
A computer becomes slow after several days but works normally after reboot. What should you investigate?,The pattern suggests something accumulating over time.,"Investigate memory leaks, runaway processes, resource exhaustion, scheduled tasks, drivers, and long-running services."
What is a service?,Think a background program that provides a system or application function.,"A service is a background software component that performs a defined function, often without direct user interaction."
What is a startup application?,Think programs configured to launch when the OS/user session starts.,A startup application launches automatically during system startup or user logon.
Why can excessive startup applications slow boot time?,The system has to initialize all of them and their dependencies.,"Too many startup applications consume CPU, memory, storage, and initialization time."
What is a clean boot useful for?,Think starting Windows with a reduced set of nonessential services/startup programs.,A clean boot helps isolate software conflicts by starting Windows with a minimal set of services and startup programs.
What is safe mode with networking?,Think Safe Mode plus network support.,It starts Windows with minimal drivers/services while enabling supported networking functionality.
What is a hardware diagnostic?,Think testing a component rather than guessing.,A hardware diagnostic performs tests designed to identify failures or abnormal behavior in hardware.
What is memtest used for?,Think memory testing.,Memory-testing utilities such as MemTest86 can test RAM for errors.
What is a SMART long test?,Think deeper storage diagnostics rather than a quick status check.,A SMART extended/long test performs a more comprehensive drive self-test when supported.
What is a loopback test on a network interface?,Think testing the interface without depending on a remote network device.,A loopback test verifies transmit/receive behavior by routing the signal back to the interface.
What is a crossover cable test?,Think directly connecting devices that may need transmit/receive pairs crossed.,"A crossover cable can be used for certain direct device connections or testing, though modern auto-MDI/MDIX often makes it unnecessary."
What is a cable toner useful for in a large office?,Imagine 100 blue cables and no labels.,It helps identify and trace a specific cable through a wiring bundle.
What is a punchdown tool's primary job?,Think permanent termination of solid-core structured cabling.,It seats individual conductors into IDC terminals on patch panels or keystone jacks.
What is a crimper's primary job?,Think attaching modular connectors to cable ends.,A crimper secures modular connectors such as RJ45-style plugs onto compatible cable.
What is a Wi-Fi analyzer's signal-strength measurement useful for?,Think finding weak coverage areas.,Signal strength helps identify coverage gaps and assists with AP placement and troubleshooting.
What is channel utilization?,"Think how busy a Wi-Fi channel is, not simply how strong your AP is.",Channel utilization indicates how much airtime on a wireless channel is occupied.
A Wi-Fi client shows strong RSSI but poor throughput. What should you suspect?,Signal strength is only one piece of wireless performance.,"Investigate interference, channel utilization, SNR, negotiated data rate, retransmissions, client capabilities, and upstream network performance."
What is SNR more useful for than RSSI alone?,A strong signal surrounded by strong noise isn't necessarily good.,SNR indicates how clearly the desired wireless signal stands above background noise.
What is roaming failure likely to look like?,Think a user walking between APs and losing connectivity.,"Clients may disconnect, experience delays, or fail to transition cleanly between access points."
What is AP transmit power?,Think how strongly the access point broadcasts.,Transmit power controls the radio output power and affects coverage and interference.
Why can maximum Wi-Fi transmit power be a bad design?,More power isn't always better.,"Excessive power can increase interference, reduce reuse, and create mismatched coverage where clients can hear the AP but the AP cannot hear clients equally well."
What is a wireless client driver?,Think software controlling the Wi-Fi adapter.,The driver allows the operating system to communicate with the wireless adapter.
What is a wireless authentication failure?,Think the device sees the network but cannot successfully join it.,"Possible causes include incorrect credentials, incompatible security mode, certificate issues, authentication-server problems, or configuration mismatch."
What is a wireless association?,Think the client connecting at the Wi-Fi link layer to an AP.,Association establishes the client's relationship with an access point after the relevant discovery/authentication steps.
What is a wireless deauthentication?,Think the wireless connection being terminated at the authentication/management level.,Deauthentication ends a client's authenticated relationship with an access point.
What is a captive portal authentication problem?,Think Wi-Fi association works but normal Internet access is blocked until a web-based step is completed.,"Open a browser, verify the portal appears, check DNS/HTTP redirection, and complete required authentication/terms."
What is a mobile device's hotspot password protecting?,Think other people connecting to your cellular connection.,It controls access to the device's hotspot network and helps prevent unauthorized use of the cellular connection.
Why can a mobile hotspot be slow even with a strong cellular signal?,Signal strength doesn't guarantee carrier capacity or good Internet performance.,"Investigate cellular congestion, carrier limits, radio conditions, data plan restrictions, and upstream Internet performance."
What is cellular signal strength different from cellular data throughput?,One measures radio conditions; the other measures actual data performance.,"Strong signal can coexist with poor throughput due to congestion, interference, carrier limitations, or network conditions."
What is SIM provisioning?,Think activating the cellular subscription on the device/network.,Provisioning configures the subscriber/device so the carrier network can authenticate and provide service.
What is APN on a cellular device?,Think the configuration telling the device how to reach the carrier's packet data network.,An Access Point Name specifies cellular data-network connection parameters.
A phone has cellular signal but no mobile Internet. What should you check?,Voice service and data service can fail independently.,"Check mobile-data settings, APN, carrier provisioning, data limits, airplane mode, SIM/eSIM status, and carrier outages."
What is NFC commonly used for besides payments?,Think very short-range device interactions.,"NFC can be used for access cards, tags, pairing, identification, and data exchange."
What is Bluetooth PAN?,Think Bluetooth networking rather than just headphones.,A Bluetooth Personal Area Network allows compatible devices to communicate over Bluetooth networking.
What is Bluetooth profile compatibility?,Bluetooth radios being compatible doesn't mean every device supports every function.,"Bluetooth profiles define supported application-level functions such as audio, keyboards, file transfer, and networking."
What is A2DP?,Think Bluetooth stereo audio.,Advanced Audio Distribution Profile is commonly used for streaming stereo audio over Bluetooth.
What is HID over Bluetooth?,Think keyboards and mice.,"Bluetooth HID supports human-interface devices such as keyboards, mice, and similar peripherals."
What is a mobile device's airplane mode useful for troubleshooting?,It can quickly reset/disable several radios.,Toggling airplane mode can reset cellular/Wi-Fi/Bluetooth radio states and is sometimes a useful basic connectivity troubleshooting step.
What is a docking station firmware update useful for?,"Think compatibility with laptops, displays, USB devices, and operating systems.","Dock firmware updates can improve compatibility, stability, performance, and peripheral behavior."
What is DisplayLink?,Think USB-based display technology that may be used by docks.,DisplayLink is a technology that can provide additional display connectivity through USB using software and a compatible adapter/dock.
What is Thunderbolt 4?,Think a high-speed USB-C-shaped interface with defined capabilities.,"Thunderbolt 4 is a high-speed interface using the USB-C connector and supports data, display, and other capabilities under its specification."
What is USB4?,Think newer USB technology using USB-C connectors.,"USB4 is a USB standard supporting high-speed data and, depending on implementation, tunneling of other protocols."
What is an external GPU enclosure?,Think adding graphics processing to a compatible laptop through a high-speed interface.,"An eGPU enclosure houses a desktop-class GPU and connects it to a compatible computer, often over Thunderbolt."
What is a portable battery/power bank?,Think external battery used to charge mobile devices.,A power bank stores electrical energy and can provide power to compatible devices.
What should you check if a power bank charges a phone very slowly?,"Think charger output, cable, protocol, and device requirements.","Check output wattage, USB charging standard, cable quality, battery condition, and the phone's supported charging rate."
What is fast charging?,Think delivering more power than basic USB charging through a negotiated standard.,Fast charging uses compatible power-delivery/charging technologies to deliver higher power safely.
What is USB Power Delivery negotiation?,Think the charger and device agreeing on an appropriate voltage/current level.,USB PD allows compatible devices to negotiate supported power profiles.
What is battery cycle count?,Think how many equivalent full charge/discharge cycles a rechargeable battery has experienced.,Cycle count measures cumulative battery usage in terms of equivalent full cycles and can help indicate battery aging.
What is battery health?,Think remaining capacity compared with the battery's original design capacity.,Battery health estimates the battery's current maximum capacity and condition relative to when it was new.
What is a lithium-ion battery safety concern?,"Think physical damage, heat, swelling, and improper charging.","Lithium-ion batteries can present fire/thermal hazards if damaged, overheated, punctured, or improperly handled."
What is a mobile device's charging port troubleshooting sequence?,"Think physical first, then power source, then software.","Inspect the port/cable, try a known-good charger/cable, verify power delivery, check software/charging settings, and consider hardware failure."
What is a camera module in a laptop?,Think a small camera assembly connected internally to the motherboard.,A camera module provides image capture and may use a dedicated internal cable/connector.
What could cause a laptop webcam to disappear after a screen replacement?,The webcam cable often runs through the display assembly.,"The webcam cable/module may be disconnected, damaged, pinched, or improperly reassembled."
What is a laptop Wi-Fi antenna cable?,Think the thin cable running from the wireless card toward the display area.,It connects the wireless adapter to antennas positioned for better radio reception/transmission.
What happens if Wi-Fi antenna cables are swapped?,"The adapter may still work, but antenna diversity/performance can be affected.",Wireless performance may degrade or become unstable depending on the adapter and antenna configuration.
What is an M.2 E-key slot commonly used for?,Think wireless connectivity rather than NVMe storage.,M.2 E-key slots are commonly used for Wi-Fi/Bluetooth modules.
What is an M.2 M-key slot commonly associated with?,Think storage and PCIe lanes.,"M-key M.2 slots are commonly used for NVMe SSDs, though exact support depends on the motherboard."
What is a SATA power connector?,Think power for SATA drives.,A SATA power connector supplies power to SATA storage devices.
What is a SATA data cable?,Think data rather than power.,A SATA data cable connects a SATA storage device to a compatible motherboard/controller.
What is a 24-pin ATX connector?,Think the main motherboard power connector on many desktop systems.,The 24-pin ATX connector supplies primary motherboard power.
What is an 8-pin EPS/CPU power connector?,Think power specifically for the processor area.,The EPS connector provides dedicated CPU power from the PSU to the motherboard.
What is a PCIe power connector used for?,Think graphics cards and other higher-power PCIe devices.,PCIe power connectors provide additional PSU power to compatible expansion cards.
What is a Molex connector?,Think older peripheral power connector found in legacy PCs.,Molex connectors were commonly used to power older drives and peripherals.
What is a fan header on a motherboard?,Think supplying power/control to a cooling fan.,A motherboard fan header powers and may control/monitor a compatible fan.
What is PWM fan control?,Think varying fan speed electronically rather than simply switching it on/off.,Pulse-width modulation allows a motherboard/controller to regulate compatible fan speed.
What is a VRM on a motherboard?,Think voltage regulation near the CPU.,A Voltage Regulator Module converts and regulates power for components such as the CPU.
Why does CPU VRM quality matter?,"The CPU requires stable, precisely regulated power.",The VRM supplies stable voltage/current to the CPU and must handle the processor's power demands.
What is coil whine?,Think an electrical component producing a high-pitched noise under certain loads.,Coil whine is audible noise caused by vibration of inductive components under changing electrical loads.
What is PSU ripple?,Think unwanted AC variation riding on DC output.,Ripple is residual periodic voltage variation on a DC power supply output.
Why can excessive PSU ripple be concerning?,Computer components expect stable power.,Excessive ripple can stress components and indicate poor or failing power delivery.
What is brownout?,Think voltage dropping below normal rather than disappearing completely.,A brownout is a reduction in electrical voltage that can cause equipment instability or shutdown.
What is blackout?,Think complete loss of utility power.,A blackout is a complete loss of electrical power.
What is a surge?,Think a brief increase in voltage.,A power surge is a transient increase in voltage that can damage electronics.
What is a line-interactive UPS?,Think a UPS that can regulate moderate voltage fluctuations without always relying solely on battery output.,"A line-interactive UPS provides battery backup and voltage regulation features, often using automatic voltage regulation."
What is a surge protector's joule rating?,Think how much surge energy the protector is designed to absorb under its specifications.,The joule rating indicates the amount of surge energy the device is designed to handle.
What is a power strip versus a surge protector?,"They may look identical, but protection capabilities differ.",A basic power strip mainly provides additional outlets; a surge protector includes circuitry designed to suppress certain voltage surges.
What is a ground fault?,Think unintended current flowing through an incorrect path to ground.,A ground fault occurs when electrical current finds an unintended path to ground.
What should a technician do around dangerous mains voltage?,Computer repair does not make high-voltage electrical work automatically safe.,Avoid unsafe measurements and follow electrical safety procedures; qualified personnel should handle hazardous mains-side work.
What is the purpose of a chassis ground?,Think providing a reference and safety path for electrical faults.,A chassis ground can provide a path for fault currents and help maintain electrical safety and signal integrity.
What is a short circuit inside a PC?,Think unintended electrical connection between points that should not be connected.,"A short circuit creates an unintended low-resistance path that can cause instability, shutdowns, or component damage."
What should you check if a newly built PC immediately shuts down after pressing power?,"Think power connectors, shorts, CPU cooling, and protection circuitry.","Check motherboard/CPU power, PSU, front-panel wiring, cooler installation, motherboard standoffs, and signs of a short or overheating."
What are motherboard standoffs for?,Think preventing the motherboard from touching the metal case.,Standoffs support the motherboard and maintain clearance from the chassis.
Why can an extra motherboard standoff cause a short?,An incorrectly placed standoff can contact a circuit area not designed for it.,A misplaced standoff can electrically short the motherboard to the case.
What is the front-panel header?,"Think power button, reset button, LEDs, and similar case connections.",The front-panel header connects case controls and indicators to the motherboard.
What happens if the power-switch connector is installed backward?,Think a momentary switch rather than a polarity-sensitive LED.,A simple power switch generally works either direction; LEDs are polarity-sensitive.
What happens if a motherboard LED connector is reversed?,Think polarity.,The LED may simply not illuminate until connected with the correct polarity.
What is POST's relationship to the operating system?,POST happens before normal OS loading.,POST checks/initializes hardware before the operating system begins loading.
What is a POST failure?,Think the computer cannot successfully initialize enough hardware to continue booting.,A POST failure occurs when firmware cannot successfully initialize or test required hardware.
What is the difference between no power and no POST?,One has no meaningful startup; the other has power but fails during initialization.,No power means the system isn't receiving/using power properly; no POST means it powers on but fails hardware/firmware initialization.
What is the difference between no POST and no boot?,One fails before the OS starts; the other gets through hardware initialization but cannot start the OS.,No POST indicates a hardware/firmware initialization failure; no boot indicates the system reaches POST but cannot load a bootable OS.
What is a bootloader error likely to indicate?,Think storage/OS startup rather than a dead PSU.,The system may detect the drive but have damaged/missing boot files or incorrect boot configuration.
What is an operating-system corruption symptom?,Think failures that occur after hardware initialization.,"Boot loops, missing system files, crashes, application failures, or recovery-environment errors can indicate OS corruption."
What is hardware isolation?,Think reducing the system to a minimal configuration to identify the failing component.,Hardware isolation involves removing/disconnecting nonessential components and testing systematically.
Why can minimal boot configuration help diagnose a PC?,Fewer variables means fewer possible causes.,Running with only essential components helps isolate hardware failures and resource conflicts.
What is a known-good component?,Think a replacement part you already know works.,A known-good component is verified working hardware used to isolate whether another component is faulty.
Why should you avoid swapping components randomly?,It can introduce new problems and destroys useful evidence.,"Random swaps increase variables, consume time, and can make the original problem harder to diagnose."
What is intermittent failure?,Think a problem that appears and disappears.,An intermittent failure occurs inconsistently and can be harder to reproduce and diagnose.
What can cause intermittent Ethernet connectivity?,"Think physical movement, signal quality, and hardware negotiation.","Loose connectors, damaged cables, failing NICs/switch ports, EMI, duplex/speed negotiation issues, or power problems can cause intermittent connectivity."
What can cause intermittent Wi-Fi connectivity?,Think changing radio conditions.,"Interference, weak coverage, roaming, driver problems, power management, congestion, or faulty hardware can cause intermittent Wi-Fi."
What is a flaky cable?,Think it works until you move it.,A flaky cable has an intermittent physical/electrical connection and should generally be replaced rather than trusted.
What is a cable bend-radius problem?,Think physically stressing high-speed/fiber cabling.,Excessive bending can degrade cable performance or damage fiber/copper conductors.
Why should fiber not be bent sharply?,Light must travel through the fiber's optical path.,Excessive bending can increase optical loss or damage the fiber.
What is fiber connector cleanliness important for?,Think light passing through a tiny optical interface.,"Dirt or contamination can cause signal loss, reflections, and degraded optical performance."
What tool is used to inspect fiber connector end faces?,Think looking closely at the tiny optical surface.,A fiber inspection scope can inspect connector end faces for contamination or damage.
What is an optical power meter used for?,Think measuring light level in a fiber link.,An optical power meter measures optical signal power.
What is an OTDR used for?,Think locating problems along a fiber run rather than merely measuring end-to-end power.,"An Optical Time-Domain Reflectometer can characterize fiber and help locate events such as breaks, splices, and excessive loss."
What is a toner/probe different from an OTDR?,One is for identifying copper cables; the other analyzes fiber characteristics.,A toner/probe traces cables; an OTDR analyzes optical fiber behavior and can locate faults.
What is a network cable certification tester used for?,Think proving installed cabling meets a standard.,"A certification tester measures characteristics such as insertion loss, return loss, NEXT, and related parameters to certify cable performance."
What is NEXT in cabling?,Think crosstalk measured near the transmitting end.,Near-End Crosstalk is unwanted signal coupling from one pair into another measured near the transmitter.
What is return loss?,Think signal energy reflected back because of impedance discontinuities.,Return loss measures reflected signal power relative to transmitted power.
What is insertion loss?,Think signal strength lost as it passes through the cable/link.,Insertion loss is attenuation introduced by the transmission path.
What is PoE standard compatibility?,Think not all Ethernet-powered devices require the same power behavior.,The switch/injector and powered device must support compatible PoE standards and power levels.
What is an IP phone's VLAN configuration often used for?,Think separating voice traffic from ordinary workstation traffic.,A voice VLAN can logically separate VoIP traffic and allow network policies/QoS to be applied.
What is a voice VLAN?,Think dedicated VLAN for IP phones.,A voice VLAN is a VLAN configured to carry VoIP traffic separately from typical data traffic.
What is QoS marking?,Think tagging packets so network devices know their priority.,QoS marking assigns values such as DSCP to indicate traffic handling preferences.
What is DSCP?,Think IP packet markings used for QoS.,Differentiated Services Code Point is a field used to classify and prioritize IP traffic.
What is a codec mismatch in VoIP?,Think both endpoints need a mutually supported way to encode/decode audio.,A codec mismatch occurs when endpoints do not share a compatible audio codec.
What is call signaling versus media in VoIP?,Think SIP establishes the conversation; RTP carries the actual voice.,Signaling handles call setup/control; media protocols such as RTP carry audio/video.
What is a SIP registration?,Think a phone telling the VoIP service where it can be reached.,A SIP device registers its contact information with a SIP registrar so calls can be routed to it.
What is a VoIP extension?,Think the short internal number assigned to a phone/user.,A VoIP extension identifies a phone/user endpoint within the organization's telephony system.
What is voicemail in a VoIP system?,Think voice messages stored and accessed through the telephony platform.,Voicemail stores recorded messages associated with a user's phone/extension.
What is a PBX?,Think the central system managing business phone extensions and calls.,A Private Branch Exchange manages internal extensions and external telephone/VoIP calls.
What is a cloud PBX?,Think telephony functions hosted by a service provider rather than entirely on local hardware.,A cloud PBX provides PBX/telephony services from cloud infrastructure.
What is an auto attendant?,Think 'Press 1 for Sales' menus.,An auto attendant automatically answers calls and provides menu/routing options.
What is a hunt group?,Think multiple phones ringing according to a defined distribution pattern.,A hunt group distributes incoming calls among a group of extensions.
What is call quality MOS?,Think a score representing perceived voice quality.,Mean Opinion Score is a commonly used scale/metric for assessing perceived voice quality.
What is a jitter spike likely to sound like?,Think voice arriving unevenly.,"It can cause choppy, distorted, or robotic audio."
What is packet loss likely to sound like in VoIP?,Think pieces of speech disappearing.,"Packet loss can produce gaps, missing syllables, clicks, or distorted audio."
What is excessive latency likely to feel like during a conversation?,Think talking over someone because responses arrive late.,High latency creates noticeable conversational delay and can cause participants to interrupt each other.
What is a common first troubleshooting step for a VoIP phone with no power?,Think power before network protocols.,"Check PoE or power adapter, cable, switch port, and power indicators."
What is a common first troubleshooting step for a VoIP phone with power but no network?,Think Layer 1 and Layer 2 before SIP.,"Check Ethernet link, switch port, VLAN configuration, DHCP, and IP addressing."
What is a common first troubleshooting step for a VoIP phone with network but no registration?,"Think IP connectivity works, but the phone's telephony service connection does not.","Check DNS, SIP server configuration, credentials, firewall/NAT, time/certificates where applicable, and service availability."
What is a common first troubleshooting step for VoIP registration but no inbound calls?,Think signaling and routing to the endpoint.,"Check extension registration state, call routing, dial plan, SIP server configuration, and NAT/firewall behavior."
What is a common first troubleshooting step for one-way VoIP audio?,Think the media path rather than the call setup.,"Check RTP ports, NAT, firewall/ACL rules, routing, and codec/media negotiation."
What is a common first troubleshooting step for poor VoIP quality only during busy hours?,Think congestion and prioritization.,"Investigate bandwidth utilization, QoS, jitter, packet loss, latency, and whether voice traffic is being prioritized."
What is a network baseline?,Think knowing what 'normal' looks like before a problem occurs.,"A baseline documents normal performance, utilization, latency, errors, and other operational metrics for comparison."
Why is a network baseline useful?,"Without normal measurements, 'slow' is subjective.",A baseline lets technicians compare current behavior with normal conditions and identify deviations.
What is SNMP polling?,Think a monitoring system asking network devices for status/metrics.,"SNMP polling queries managed devices for information such as interface counters, CPU usage, memory, and status."
What is an SNMP trap?,Think the device notifying the monitoring system instead of waiting to be asked.,An SNMP trap is an asynchronous notification sent by a managed device to a monitoring system.
What is interface utilization?,Think how much of a network link's capacity is being consumed.,Interface utilization measures the traffic load on a network interface relative to its capacity.
What is an interface error counter useful for?,Think evidence of physical/link problems.,"Increasing errors can indicate cable, transceiver, duplex, interference, or hardware problems."
What is a port flapping?,Think the link repeatedly going up and down.,"Port flapping is repeated link state changes and can indicate a cable, NIC, transceiver, power, or configuration problem."
What is a switch port security feature?,Think limiting which devices can use a port.,Port security can restrict MAC addresses or device behavior on a switch port.
What is a MAC address table aging timer?,Think the switch shouldn't remember a device forever if it disappears.,The aging timer controls how long dynamically learned MAC entries remain before being removed.
What is a managed switch?,Think configuration rather than a simple plug-and-play Ethernet box.,"A managed switch provides configurable features such as VLANs, monitoring, security, QoS, and management interfaces."
What is an unmanaged switch?,Think basic Ethernet connectivity with little configuration.,An unmanaged switch provides basic switching without the advanced management/configuration features of a managed switch.
What is a Layer 3 switch?,Think a switch capable of performing routing functions.,A Layer 3 switch can perform both Layer 2 switching and Layer 3 routing functions.
What is a router-on-a-stick?,Think one router interface carrying multiple VLANs through a trunk.,Router-on-a-stick uses a trunk link and router subinterfaces to route between VLANs.
What is inter-VLAN routing?,Think communication between VLANs.,Inter-VLAN routing allows devices in different VLANs to communicate through a Layer 3 device.
What is a native VLAN?,Think the VLAN whose frames may be sent untagged on an 802.1Q trunk.,The native VLAN is the VLAN associated with untagged traffic on an 802.1Q trunk.
What is 802.1Q?,Think VLAN tagging.,IEEE 802.1Q defines VLAN tagging used on Ethernet trunks.
What is a broadcast storm prevention strategy?,Think stopping loops and limiting excessive broadcast traffic.,"Use STP, proper topology, VLAN design, storm-control features where appropriate, and careful cabling."
What is a loopback address useful for testing?,Think eliminating physical network variables.,127.0.0.1 tests the local IPv4 TCP/IP stack; ::1 performs the same role for IPv6.
What does ping ::1 test?,Think IPv6's local loopback.,It tests the local IPv6 protocol stack.
What is a DNS timeout?,Think the resolver asked for an answer but did not receive one within the expected period.,"A DNS timeout can indicate an unreachable DNS server, network problem, firewall issue, or overloaded resolver."
What is a DNS NXDOMAIN response?,Think the DNS server explicitly says the requested name does not exist.,NXDOMAIN indicates the queried domain name does not exist according to the responding DNS system.
What is an incorrect DNS suffix?,Think a short hostname being expanded into the wrong domain.,A DNS search suffix controls domains automatically appended to unqualified names and can cause incorrect resolution.
What is a split DNS configuration?,Think the same name may resolve differently internally versus externally.,Split DNS provides different DNS responses or zones depending on whether the client is inside or outside the network.
What is a VPN DNS leak?,Think DNS queries escaping the intended secure DNS path.,A DNS leak occurs when DNS requests use an unintended resolver outside the VPN/security boundary.
What is a VPN client?,Think software that establishes a secure connection to a remote network/service.,A VPN client creates and manages the endpoint side of a VPN connection.
What is a VPN concentrator?,Think the central device/server handling many VPN connections.,A VPN concentrator terminates and manages multiple VPN tunnels.
What is remote-access VPN versus site-to-site VPN?,One connects individual users; the other connects networks.,Remote-access VPN connects individual clients to a network; site-to-site VPN connects entire networks through a tunnel.
What is split-tunnel VPN versus full-tunnel VPN?,Think which Internet traffic crosses the corporate tunnel.,Split tunnel sends selected traffic through the VPN; full tunnel sends most/all traffic through the VPN gateway.
What is a VPN tunnel endpoint?,Think where the encrypted tunnel starts or ends.,A VPN tunnel endpoint is a device/service that establishes or terminates the VPN tunnel.
What is encryption overhead?,Think extra protocol information and processing added to protect data.,"Encryption and tunneling can add headers, processing, and sometimes reduce effective MTU."
What is an IPsec VPN?,Think a widely used network-layer VPN technology.,IPsec is a suite of protocols used to secure IP communications and VPN tunnels.
What is SSL/TLS VPN?,Think VPN access delivered through TLS-based technologies rather than traditional IPsec.,A TLS VPN uses TLS-based secure communication for remote access or tunneling.
What is authentication in a VPN?,Think proving the user/device is authorized to establish the tunnel.,VPN authentication verifies the identity of the user/device before or during tunnel establishment.
What is a pre-shared key?,Think a shared secret configured on both sides of a VPN or wireless system.,A pre-shared key is a secret value known to both parties and used for authentication/key establishment.
What is certificate-based VPN authentication?,Think digital certificates replacing a simple shared password/secret.,Certificate-based authentication uses trusted certificates and private keys to verify identities.
What is a security certificate's private key?,Think the secret cryptographic material that must never be casually shared.,The private key is secret cryptographic material used for signing/decryption operations depending on the certificate system.
What is hashing?,Think creating a fixed-length representation used to detect changes or support security functions.,A cryptographic hash produces a fixed-size digest from input data and is designed to make finding collisions difficult.
What is encryption versus hashing?,One is reversible with the appropriate key; the other is designed as a one-way transformation.,Encryption is intended to protect data while allowing authorized decryption; hashing creates a digest and is not intended to be reversed.
What is salting a password hash?,Think adding unique random data before hashing passwords.,A salt is random data added to a password before hashing to make precomputed attacks less effective.
What is MFA's biggest practical advantage?,"If a password leaks, the attacker still needs another factor.",MFA reduces the impact of password compromise by requiring additional authentication factors.
What is endpoint protection?,Think security software and controls on user devices.,"Endpoint protection detects/prevents malicious activity and may include antivirus, EDR, firewall, and related controls."
What is antivirus?,Think detecting and blocking known or suspicious malicious software.,"Antivirus software detects, prevents, and/or removes malware."
What is EDR?,Think deeper endpoint monitoring than traditional signature-only antivirus.,"Endpoint Detection and Response continuously monitors endpoint activity and supports detection, investigation, and response."
What is ransomware?,Think malware that blocks access to data and demands payment.,Ransomware is malicious software that commonly encrypts or otherwise blocks data and demands payment.
What is the best defense against ransomware from a recovery perspective?,Think what lets you restore data without negotiating with the attacker.,"Reliable, tested, isolated backups are critical for recovery."
What is a security update versus a feature update?,One primarily addresses vulnerabilities/bugs; the other may introduce broader functionality.,A security update primarily fixes security vulnerabilities; a feature update introduces larger functionality changes and may include security fixes.
What is a zero-day vulnerability?,Think a vulnerability being exploited or disclosed before a vendor has had time to provide a full fix.,"A zero-day is a vulnerability for which there is little or no prior warning/available patch at the time of exploitation or disclosure, depending on context."
What is social engineering?,Think attacking the human rather than the computer.,Social engineering manipulates people into revealing information or performing actions that compromise security.
What is shoulder surfing?,Think someone watching a user type a password.,Shoulder surfing is observing someone to obtain sensitive information.
What is tailgating in physical security?,Think following an authorized person through a secured door.,Tailgating is gaining physical access by following an authorized person without proper authentication.
What is clean desk policy?,Think reducing sensitive information left physically exposed.,A clean desk policy requires sensitive documents and media to be secured rather than left unattended.
What is secure disposal of storage media?,Think deleting a file isn't necessarily the same as securely disposing of a drive.,"Secure disposal uses appropriate sanitization, destruction, or approved processes based on the data sensitivity and media type."
What is data sanitization?,Think making stored data unrecoverable through approved processes.,Data sanitization removes or destroys data so it cannot be reasonably recovered using expected methods.
What is a company asset tag?,Think a label identifying organizational equipment.,An asset tag uniquely identifies equipment for inventory and lifecycle tracking.
What is an acceptable use policy?,Think rules governing how employees may use company technology.,An acceptable use policy defines permitted and prohibited uses of organizational systems/resources.
What is a BYOD policy?,Think employees using personal phones/laptops for work.,A Bring Your Own Device policy defines security and usage requirements for personally owned devices accessing company resources.
What is remote lock on a mobile device?,Think locking a lost phone without physically holding it.,Remote lock allows an authorized management system to lock the device remotely.
What is geofencing in mobile management?,Think policies changing based on device location.,Geofencing uses geographic boundaries to trigger policies or actions when a device enters or leaves a defined area.
What is application whitelisting?,Think only approved applications are allowed to run.,Application allowlisting restricts execution to approved software.
What is application blacklisting?,Think explicitly blocking known unwanted applications.,Application blocklisting prevents specified applications from running or being installed.
What is a BIOS password?,Think firmware-level access control before normal operating-system startup.,"A BIOS/UEFI password can restrict access to firmware settings or, depending on configuration, startup."
What is a boot password versus full-disk encryption?,One can restrict startup; the other protects the actual stored data cryptographically.,A boot password controls access to startup/firmware functions; full-disk encryption protects stored data from offline access.
What is a hardware security module?,Think specialized hardware for protecting cryptographic keys.,"An HSM is a dedicated device designed to securely generate, store, and use cryptographic keys."
What is the principle of defense in depth?,Think multiple layers of security rather than trusting one control.,Defense in depth uses multiple complementary security controls so failure of one does not expose the entire system.
What is a security baseline?,Think a standard secure configuration that systems should meet.,A security baseline defines approved configuration and security settings used as a standard for systems.
What is configuration management?,Think knowing and controlling how systems are configured over time.,"Configuration management tracks, standardizes, and controls system configurations and changes."
What is a golden image?,Think a standardized OS image used to deploy computers consistently.,A golden image is an approved baseline system image used for standardized deployment.
What is deployment imaging useful for?,Think setting up 50 identical PCs without manually installing each one.,Imaging can rapidly deploy standardized operating-system and application configurations.
What is PXE boot?,Think booting a computer from a network rather than local storage.,Preboot Execution Environment allows a compatible system to boot from a network and is commonly used for OS deployment.
What does DHCP have to do with PXE?,The client needs network configuration and information about how/where to obtain boot files.,PXE deployments commonly use DHCP-related options/processes to help clients locate boot resources.
What is a network boot server?,Think a server providing boot files to PXE clients.,A network boot server provides the files/services needed for network-based system startup.
What is a boot image?,Think a small environment used to start deployment or recovery.,"A boot image contains the software needed to start a system into a deployment, installation, or recovery environment."
What is an unattended installation?,Think installing an OS without manually answering every setup question.,An unattended installation uses predefined configuration information to automate OS deployment.
What is a driver package?,Think a collection of files needed to support a hardware device.,A driver package contains the software and associated files required to install/support hardware.
What is a chipset driver?,Think software enabling the OS to properly use motherboard platform features.,Chipset drivers support communication and functionality for motherboard chipset/platform components.
What is firmware versus driver?,One is stored on the device itself; the other is software the OS uses to control it.,Firmware runs on/controls the hardware device; drivers run in the operating-system environment and provide software interfaces to the hardware.
What is a BIOS/UEFI firmware brick?,Think an interrupted or incorrect firmware update leaving the system unable to initialize.,A failed firmware update can corrupt firmware and potentially prevent normal startup.
What is dual BIOS?,Think a motherboard with a backup firmware mechanism.,Dual BIOS designs provide a secondary firmware image or recovery mechanism to help recover from firmware problems.
What is hardware diagnostics before OS loading useful for?,"Think testing RAM, storage, CPU, or other hardware independently of Windows/Linux.",Pre-boot diagnostics can isolate hardware problems without relying on the installed operating system.
What is a manufacturer's diagnostic partition/tool?,Think vendor-provided hardware testing environment.,It provides hardware diagnostics and sometimes recovery tools specific to the system.
What is a burn-in test?,Think deliberately stressing hardware to expose instability.,A burn-in test stresses components under controlled conditions to reveal intermittent or load-related failures.
What is thermal stress testing?,Think deliberately applying load while monitoring temperatures.,Thermal stress testing evaluates system stability and cooling performance under sustained load.
What is SMART's limitation?,Think a health indicator isn't a guarantee.,SMART can identify warning signs but cannot guarantee a drive will not fail unexpectedly.
What is RAID's limitation regarding backups?,Think redundancy isn't historical recovery.,"RAID can improve availability/fault tolerance but does not replace backups because accidental deletion, corruption, or malware can affect redundant copies too."
What is hot spare in RAID?,Think an unused drive waiting to replace a failed member automatically or quickly.,A hot spare is a standby drive available to take over for a failed RAID member.
What is RAID rebuild?,Think restoring redundancy after replacing a failed drive.,A RAID rebuild reconstructs data/parity onto a replacement drive.
Why can RAID rebuilds be risky or slow?,Large arrays require significant I/O and expose the system to additional failures during rebuild.,"Rebuilds can take a long time and may stress remaining drives, especially on large arrays."
What is parity in RAID?,Think calculated information used to reconstruct missing data.,Parity is redundant calculated data that can be used to recover information after certain drive failures.
What is a NAS?,Think storage accessed over a network.,Network Attached Storage provides file/storage services to network clients.
What is a SAN?,Think specialized high-performance storage networking rather than ordinary file sharing.,A Storage Area Network provides block-level storage over a dedicated or specialized network.
What is DAS?,Think storage directly attached to a computer rather than accessed over a network.,Direct Attached Storage connects storage directly to a host system.
What is block-level storage?,Think a server sees storage as raw blocks that it can format/use.,Block storage provides raw storage volumes that an operating system can format and manage.
What is file-level storage?,Think users accessing named files through a filesystem/share.,File-level storage provides files and directories through protocols such as SMB or NFS.
What is SMB used for in a career setting?,Think Windows shared folders and network printers.,SMB is widely used for Windows file and printer sharing.
What is NFS used for?,Think Unix/Linux network file sharing.,NFS provides network file access commonly used in Unix/Linux environments.
What is a mapped network drive?,Think a shared folder appearing as a drive letter in Windows.,A mapped network drive associates a network share with a local drive letter.
What is a UNC path?,Think Windows network path without a drive letter.,A UNC path identifies a network resource using a form such as \\server\share.
What does the ping command use under the hood?,Think the Internet Control Message Protocol.,Ping uses ICMP Echo Request and Echo Reply messages.
What is ICMP used for beyond ping?,Think network control and diagnostic messaging.,"ICMP carries error, control, and diagnostic messages used by IP networks."
What is traceroute/tracert actually trying to reveal?,Think routers along the path.,It reveals intermediate hops by using packet TTL/hop-limit behavior and observing responses.
What does TTL do in IPv4?,Think preventing packets from circulating forever.,Time To Live limits how many Layer 3 hops a packet can traverse before being discarded.
What is hop count?,Think how many routers a packet crosses.,Hop count represents the number of Layer 3 routing hops between source and destination.
What is a routing loop?,Think routers forwarding packets around in circles.,A routing loop occurs when routing decisions cause packets to repeatedly traverse the same path rather than reaching the destination.
What is a route metric?,Think the value used to compare possible paths.,A routing metric measures or represents the preference/cost of a route.
What is static routing?,Think manually configured routes.,Static routes are manually configured by an administrator.
What is dynamic routing?,Think routers learning routes through routing protocols.,Dynamic routing protocols allow routers to exchange and learn routing information automatically.
What is a default route used for?,Think the route of last resort.,A default route handles destinations for which no more specific route exists.
What is a gateway of last resort?,Same concept as a default route.,A gateway of last resort is the next hop used for traffic without a more specific route.
What is an ACL mistake that commonly breaks applications?,Think allowing the server but forgetting return traffic or required ports.,"Incorrect source/destination, protocol, port, direction, or state rules can block required traffic."
What is a firewall allow rule?,Think explicitly permitting a particular type of traffic.,An allow rule permits traffic matching specified criteria.
What is a firewall deny rule?,Think explicitly blocking matching traffic.,A deny rule blocks traffic matching specified criteria.
What is implicit deny?,Think traffic not explicitly permitted is blocked.,An implicit deny means traffic that does not match an allow rule is denied by default.
What is port 53 TCP used for when DNS normally uses UDP?,Think cases where DNS needs a reliable larger transfer.,"TCP 53 is used for functions such as zone transfers and DNS responses that require TCP, including certain large responses."
What is a DNS zone transfer?,Think copying authoritative DNS zone information between DNS servers.,A zone transfer replicates DNS zone data between authoritative servers.
What is AXFR?,Think a complete DNS zone transfer.,AXFR is a DNS mechanism for transferring an entire zone.
What is a firewall's role in DNS troubleshooting?,Think DNS queries must reach a DNS service and responses must return.,"A firewall can block DNS traffic or redirect/filter it, preventing name resolution."
What is a DNS server address in ipconfig /all?,Think the server your computer asks to resolve names.,It lists configured DNS resolver/server addresses.
What does ipconfig /displaydns do?,Think viewing Windows' local DNS cache.,It displays the contents of the Windows DNS resolver cache.
What does ipconfig /flushdns do?,Think clearing potentially stale DNS information.,It clears the Windows DNS resolver cache.
What is a stale DNS record?,Think the cached answer no longer reflects current infrastructure.,A stale record is outdated DNS information that may direct clients to an old or incorrect destination.
What is the difference between a DNS problem and an Internet problem?,DNS is name resolution; Internet connectivity is broader.,"DNS can fail while IP connectivity works, and Internet connectivity can fail even when DNS resolution works."
What is a network adapter's link speed?,Think the negotiated physical/data-link rate.,Link speed is the negotiated transmission rate between compatible network interfaces.
What is auto-negotiation?,Think Ethernet devices agreeing on speed/duplex capabilities.,Auto-negotiation allows compatible interfaces to exchange capabilities and select appropriate speed/duplex settings.
What is a duplex mismatch symptom?,Think bad performance even though the link appears up.,"High errors, collisions/late collisions, retransmissions, and poor throughput can occur."
What is an Ethernet link light?,Think physical connectivity evidence.,A link light generally indicates that the interface detects a physical link.
What is an activity light?,Think data moving rather than just a cable being connected.,An activity LED typically flashes when traffic is being transmitted/received.
What is a NIC driver problem likely to look like?,Think hardware exists but the OS cannot use it correctly.,"The adapter may be missing, disabled, unstable, or show an error in Device Manager."
What is NIC teaming?,Think multiple network adapters acting together.,"NIC teaming combines multiple physical network interfaces for redundancy and/or load distribution, depending on configuration."
What is link redundancy?,Think another physical path remains if one fails.,Redundant links provide an alternate communication path when one link fails.
What is a failover?,Think automatically switching to a backup resource after a failure.,Failover moves service/functionality to a redundant resource when the primary fails.
What is a failback?,Think returning to the primary after it is restored.,Failback returns operations from the backup resource to the primary resource.
What is a UPS graceful shutdown?,Think the UPS tells the operating system the battery is running low.,A managed UPS can signal systems to shut down safely before battery power is exhausted.
What is battery runtime on a UPS?,Think how long the connected equipment can operate during an outage.,Battery runtime is the expected duration the UPS can power connected loads under specified conditions.
What affects UPS runtime?,Think load and battery condition.,"Connected load, battery capacity/age, UPS efficiency, and environmental conditions affect runtime."
What is a power budget in a data center?,Think ensuring available electrical capacity is sufficient for equipment.,A power budget tracks expected electrical consumption and available capacity.
What is cooling redundancy?,Think having backup cooling capacity if a fan/AC unit fails.,Cooling redundancy maintains safe temperatures despite component or cooling-system failures.
What is a hot aisle/cold aisle layout?,Think organizing server airflow rather than letting hot and cold air mix.,"It arranges equipment so server intakes face cold aisles and exhausts face hot aisles, improving cooling efficiency."
What is a rack unit (U)?,Think standardized server rack height measurement.,A rack unit is a standard vertical measurement used for rack equipment; 1U is 1.75 inches.
What is a blade server?,Think compact server modules sharing chassis infrastructure.,"A blade server is a modular server installed in a shared chassis that can provide common power, cooling, and networking."
What is a tower server?,Think server hardware in a tower-style chassis.,A tower server uses a standalone tower chassis and is often suitable for smaller environments.
What is a rack server?,Think equipment designed to mount in a standard rack.,A rack server is designed for installation in a server rack and is commonly measured in rack units.
What is hot aisle/cold aisle useful for?,Think preventing server exhaust air from entering other servers' intakes.,It improves airflow efficiency and reduces cooling-system workload.
What is a data center environmental sensor?,Think monitoring conditions rather than waiting for hardware to fail.,"Environmental sensors monitor factors such as temperature, humidity, smoke, water, or power conditions."
What is humidity risk for IT equipment?,Think both condensation and static electricity.,Excessive humidity can contribute to condensation/corrosion; very low humidity can increase static-electricity risk.
What is an HVAC system's role in IT?,Think maintaining environmental conditions.,"HVAC maintains temperature, humidity, and airflow suitable for equipment and personnel."
What is a server room's purpose?,Think centralized protected infrastructure.,"A server room houses network/server equipment with appropriate power, cooling, security, and environmental controls."
What is physical access control?,"Think locks, badges, cameras, and other controls around equipment.",Physical access control prevents unauthorized people from reaching hardware and infrastructure.
What is a security camera/NVR system?,Think physical security monitoring rather than network packet analysis.,Cameras capture video; an NVR can record and manage network camera footage.
What is a UPS battery replacement indicator?,Think the battery itself has a finite service life.,"A UPS may indicate battery degradation or replacement requirements based on self-tests, age, or measured condition."
What is a hardware inventory lifecycle?,Think procurement through retirement.,"Hardware lifecycle management covers acquisition, deployment, maintenance, replacement, and disposal."
What is an end-of-life device?,Think vendor support and updates have ended or are scheduled to end.,"An end-of-life device may no longer receive vendor support, updates, or replacement parts."
Why is unsupported hardware a career risk?,Think security and reliability.,Unsupported devices may contain unpatched vulnerabilities and become harder to repair or integrate.
What is compatibility versus interoperability?,One concerns whether a component can work in a system; the other concerns systems working together using standards.,Compatibility means a component/system can operate correctly together; interoperability means different systems can exchange/use information through compatible standards.
What is backward compatibility?,Think newer technology continuing to work with older technology.,Backward compatibility allows newer systems or standards to work with older versions under supported conditions.
What is forward compatibility?,"Think an older system tolerating future technology/features, which is generally harder to guarantee.","Forward compatibility means a system is designed to work with future versions/features, though this is often limited."
What is a hardware bottleneck?,Think one component limiting the performance of the entire system.,A hardware bottleneck occurs when a constrained component limits overall performance.
What is CPU bottleneck in gaming?,Think the CPU cannot prepare work for the GPU quickly enough.,A CPU bottleneck occurs when CPU performance limits frame rates or application throughput despite available GPU capacity.
What is GPU bottleneck?,Think the graphics processor is the limiting component.,A GPU bottleneck occurs when GPU rendering capacity limits graphics performance.
What is I/O bottleneck?,Think storage/network operations are holding up processing.,An I/O bottleneck occurs when input/output operations limit system performance.
What is thermal paste pump-out?,Think repeated thermal expansion can move paste away from the optimal contact area.,Pump-out is thermal-interface-material movement that can reduce cooling performance over time in some systems.
What is a thermal pad?,Think a solid/flexible thermal interface material used where gaps are larger.,Thermal pads transfer heat between components and heatsinks where a paste layer isn't appropriate.
What is a heat spreader?,Think distributing heat across a larger surface area.,A heat spreader spreads heat from a component to improve cooling.
What is a CPU integrated heat spreader?,Think the metal surface on top of many desktop CPUs.,The integrated heat spreader distributes CPU heat over a larger area for the cooler to remove.
What is CPU socket compatibility?,Think physical fit plus electrical/firmware support.,"A CPU must have a compatible socket and platform support, including chipset/firmware and power requirements."
What is a motherboard BIOS compatibility issue after a CPU upgrade?,Think the motherboard may physically accept the CPU but not know how to initialize it.,The board may require a firmware update to support the newer CPU.
What is memory timing?,Think latency characteristics beyond just frequency.,Memory timings describe delays associated with operations and can affect memory performance.
What is CAS latency?,Think one of the common RAM timing values.,CAS latency represents the delay between a memory read request and the availability of the requested data under the specified timing.
What is XMP/EXPO?,Think memory profiles used to configure performance settings beyond basic defaults.,XMP and EXPO are memory overclocking/profile technologies used to apply validated performance settings on supported platforms.
What can happen if a memory overclock is unstable?,Think intermittent crashes rather than a clean failure.,"System crashes, application errors, boot failures, or memory-test errors can occur."
What is ECC versus non-ECC RAM?,Think error correction.,ECC memory can detect/correct certain errors; non-ECC memory generally lacks that capability.
What is buffered/registered memory?,Think memory with registers used between the memory controller and DRAM modules.,Registered/buffered memory uses registers to reduce electrical load on the memory controller and is common in servers.
What is SO-DIMM versus DIMM?,Think laptop versus desktop form factor.,SO-DIMM is smaller and commonly used in laptops; DIMM is common in desktops/servers.
What is dual-rank memory?,Think organization of DRAM chips into ranks rather than the number of physical sticks.,A memory rank is a group of DRAM chips accessed together as a unit; a module can contain one or multiple ranks.
What is storage form factor?,Think physical shape/size rather than storage protocol.,"A form factor describes physical dimensions/connection style, such as 2.5-inch, 3.5-inch, or M.2."
What is an M.2 2280 drive?,Think the numbers describe physical dimensions.,M.2 2280 means approximately 22 mm wide and 80 mm long.
What is a 2.5-inch SSD?,Think common laptop/desktop SATA SSD form factor.,A 2.5-inch SSD is a compact drive form factor commonly used with SATA interfaces.
What is a 3.5-inch HDD?,Think common desktop hard-drive form factor.,A 3.5-inch HDD is a common desktop hard-drive form factor.
What is hot-swappable storage?,Think removing a supported drive without shutting down the system.,"Hot-swappable storage can be replaced while the system remains running when the hardware, OS, and configuration support it."
What is a storage controller?,Think hardware/firmware that manages communication between the system and storage devices.,A storage controller manages communication with storage devices and may provide RAID or other features.
What is AHCI?,Think a SATA controller mode used for advanced SATA features.,Advanced Host Controller Interface is a standard interface for SATA controllers.
What is NVMe queue depth?,Think multiple commands being handled efficiently by a modern SSD protocol.,"NVMe supports many queues and commands per queue, enabling high parallelism and low-overhead storage communication."
What is storage IOPS?,Think number of input/output operations rather than megabytes per second.,IOPS measures input/output operations per second and is useful for workloads with many small random operations.
What is sequential throughput?,Think moving large contiguous blocks of data.,Sequential throughput measures the rate of reading/writing contiguous data.
What is random I/O?,Think many small operations at different locations.,Random I/O accesses data at non-contiguous locations and is common in OS/application workloads.
What is a CPU instruction set?,Think the set of operations a processor architecture understands.,An instruction set defines the machine-level instructions a CPU can execute.
What is x86-64?,Think the common 64-bit extension of the x86 architecture used by modern PCs.,"x86-64 is a 64-bit CPU architecture used by many desktop, laptop, and server processors."
What is ARM?,Think a CPU architecture widely used in phones and increasingly in laptops/servers.,ARM is a processor architecture family emphasizing a reduced instruction-set design and power efficiency.
What is virtualization overhead?,Think the small performance/resource cost of managing virtualized hardware.,"Virtualization overhead is the additional CPU, memory, I/O, or latency cost introduced by the virtualization layer."
What is hardware passthrough in virtualization?,Think giving a VM direct access to a physical device.,Device passthrough assigns a physical device to a VM so the VM can access it more directly.
What is a virtual CPU?,Think the CPU resource presented to a VM.,A virtual CPU is a processor resource presented by the hypervisor to a virtual machine.
What is virtual RAM?,Think memory presented to a VM by the hypervisor.,Virtual RAM is memory allocated to a virtual machine from host resources.
What is virtual disk?,Think a file or storage volume presented to a VM as a disk.,A virtual disk is a software-defined storage device presented to a virtual machine.
What is thin provisioning?,Think allocating logical storage without immediately consuming all physical capacity.,"Thin provisioning allows logical storage allocation to exceed immediately consumed physical capacity, with physical space used as data is written."
What is thick provisioning?,Think reserving physical storage up front.,Thick provisioning allocates physical storage capacity in advance.
What is cloud autoscaling?,Think automatically adding/removing compute resources based on demand.,Autoscaling dynamically adjusts cloud resources according to defined metrics or policies.
What is serverless computing?,Think running application code without managing traditional servers directly.,Serverless is a cloud execution model where the provider manages infrastructure and the customer focuses primarily on application code/functions.
What is an availability SLA?,Think the provider's promised uptime percentage or service level.,An availability SLA defines the expected service availability and associated commitments.
What is a cloud outage troubleshooting strategy?,Think distinguish provider outage from local connectivity/configuration.,"Check provider status, regional service health, local DNS/network connectivity, credentials, quotas, and whether the problem affects multiple users."
What is a cloud service quota?,Think a provider-imposed limit on resources.,A cloud quota limits how many or how much of a resource an account/project can consume.
What is cloud IAM?,Think controlling who can access which cloud resources.,"Identity and Access Management controls identities, authentication, authorization, and permissions in cloud environments."
What is an IAM least-privilege policy?,Think granting only the actions required for a task.,A least-privilege IAM policy grants only the minimum permissions necessary.
What is a cloud security group?,Think virtual firewall rules associated with cloud resources.,A security group is a virtual network access-control mechanism used to allow or restrict traffic to cloud resources.
What is a cloud region outage?,Think an entire geographic provider location experiencing a disruption.,A regional outage affects services hosted in or dependent on an affected cloud region.
What is multi-region design?,Think deploying workloads across more than one geographic cloud region.,"Multi-region architecture can improve resilience against regional failures, subject to application and data design."
What is a snapshot versus an image in cloud environments?,"Think point-in-time state versus reusable deployment artifact, though terminology varies by provider.",A snapshot commonly captures storage state at a point in time; an image is commonly a reusable template for creating instances. Exact behavior varies by provider.
What is a cloud instance?,Think a virtual machine provided by a cloud service.,"A cloud instance is a virtual compute resource, commonly a VM, running in a provider environment."
What is cloud object storage useful for?,"Think backups, media, logs, archives, and large unstructured datasets.",Object storage is well suited for durable large-scale storage of unstructured data.
What is a CDN?,Think serving content from locations closer to users.,A Content Delivery Network distributes/caches content across geographically distributed edge locations to reduce latency and load.
What is latency to a cloud region important for?,Think user experience and application responsiveness.,"Geographic/network latency affects response times between users, applications, and cloud resources."
What is the shared responsibility model in cloud computing?,Think the provider and customer do not have identical security responsibilities.,Cloud security responsibilities are divided between the provider and customer depending on the service model and configuration.
What does SaaS usually leave the customer responsible for?,Think the provider manages most infrastructure; the customer still controls how they use the service.,"Customers commonly remain responsible for accounts, data, permissions, configuration, and appropriate use/security controls."
What does IaaS usually leave the customer responsible for?,Think renting the infrastructure doesn't mean the provider manages your OS.,"The customer commonly manages the guest OS, applications, data, identities, and many security configurations."
What does PaaS usually shift away from the customer?,Think the platform provider handles more of the underlying environment.,The provider manages more infrastructure and platform components while the customer focuses on applications/data and configuration.
What is a security group versus a network ACL in cloud networking?,"Think resource-level stateful rules versus subnet/network-level controls, depending on provider.",Security groups commonly provide resource/interface-level traffic controls; network ACLs generally apply at a subnet/network boundary. Exact behavior varies by provider.
What is a bastion/jump host useful for?,Think a controlled entry point to private servers.,A bastion host provides a hardened administrative access point into a protected network.
What is a VPN versus a bastion host?,One creates a network path; the other is an administrative endpoint.,A VPN provides secure network connectivity; a bastion host provides a controlled system through which administrators can access protected systems.
What is SSH port 22 useful for in troubleshooting?,Think securely testing remote command-line access.,Testing TCP 22 can help determine whether an SSH service is reachable and listening.
What is HTTP status code 404?,"Think the server answered, but the requested resource wasn't found.",404 means the requested resource was not found.
What is HTTP status code 403?,Think the server understood the request but won't allow access.,403 means access to the requested resource is forbidden.
What is HTTP status code 500?,Think a server-side application error.,500 indicates an internal server error.
What is HTTP status code 502?,Think a gateway/proxy received a bad response from an upstream server.,502 indicates Bad Gateway.
What is HTTP status code 503?,Think the service is temporarily unavailable.,503 indicates Service Unavailable.
What is HTTP status code 301?,Think a permanent redirect.,301 indicates a permanent redirect.
What is HTTP status code 302?,Think a temporary redirect.,302 indicates a temporary redirect.
Why are HTTP status codes useful to IT technicians?,They tell you more than simply 'the website doesn't work.',"They help distinguish client, authentication, routing, proxy, and server-side problems."
What does curl -I commonly help inspect?,Think headers without retrieving the full page body.,"curl -I requests/prints HTTP response headers, helping inspect status codes, redirects, server information, and other headers."
What does nslookup test that ping doesn't?,Think name resolution.,nslookup directly tests DNS name resolution.
What does tracert show that ping doesn't?,Think the path between source and destination.,tracert shows intermediate routing hops and can reveal where traffic stops responding.
What does netstat show that ipconfig doesn't?,Think active/listening connections versus interface configuration.,netstat shows connections/listening ports and related network statistics; ipconfig shows interface addressing/configuration.
What does ipconfig /all show that ipconfig alone may not?,Think detailed adapter information.,"It provides detailed information such as MAC address, DHCP status, lease information, DNS servers, and more."
What does arp -a show that nslookup doesn't?,Think local Layer 2 mapping rather than DNS.,arp -a shows cached IPv4-to-MAC mappings; nslookup queries DNS.
What does route print show that arp -a doesn't?,Think Layer 3 path selection.,route print shows the routing table rather than local IP-to-MAC mappings.
What is a good command-line troubleshooting sequence for a Windows PC with no Internet?,"Think progressively test local stack, local network, routing, and DNS.","Check ipconfig /all, ping 127.0.0.1, ping the local gateway, ping a known external IP, then test DNS with nslookup."
,,
,,
,,
,,
,,
,,
,,
,,
,,
What is port binding?,Think an application claiming a local IP/port for incoming traffic.,Port binding associates an application/service with a local address and port.
What causes 'address already in use' when starting a network service?,Think another process has already claimed the same address/port combination.,"Another service/process is already bound to the required port, or a related socket/state is preventing the bind."
What is a TCP listening socket?,Think a service waiting for incoming TCP connections.,A listening socket is a local TCP endpoint waiting for connection requests.
What is a UDP socket?,Think connectionless communication.,A UDP socket is an endpoint used to send/receive UDP datagrams without TCP-style connection establishment.
What is a SYN flood conceptually?,Think many TCP connection attempts exhausting server resources.,A SYN flood sends large numbers of TCP SYN requests to consume connection-handling resources.
What is a firewall's role in mitigating network attacks?,Think controlling exposure rather than solving every security problem.,A firewall can restrict unnecessary traffic and reduce exposed attack surfaces.
What is a secure baseline for a workstation?,Think standardized configuration that reduces unnecessary exposure.,"A secure baseline includes approved patches, firewall settings, least privilege, encryption, endpoint protection, and other organization-required controls."
What is a default password risk?,Think credentials attackers already know or can easily find.,Default credentials are often publicly documented and should be changed or disabled.
What is a firmware default credential risk on network equipment?,Think an attacker finding the vendor's default admin password.,Leaving default credentials can allow unauthorized administrative access.
What is management-plane access?,Think configuring a switch/router rather than forwarding normal user traffic.,Management-plane access is access to the administrative interfaces/functions of a device.
Why should network device management interfaces be restricted?,Think reducing the number of places an attacker can attempt administrative access.,Restricting management access reduces attack surface and limits unauthorized configuration changes.
What is SSH preferable to Telnet for network management?,Think encryption.,SSH encrypts the management session; traditional Telnet does not.
What is HTTPS preferable to HTTP for device management?,Think credentials and configuration data crossing the network.,HTTPS protects the management session using TLS.
What is a self-signed certificate common for on network devices?,Think devices often need HTTPS before an organization has a public CA certificate.,"Network devices may use self-signed certificates for encrypted management, but clients may display trust warnings unless the certificate is trusted."
What is a certificate warning on a switch management page not necessarily proof of malware?,Think self-signed or privately issued certificates.,It may simply indicate the browser does not trust the certificate issuer or the certificate doesn't match the expected hostname.
What is time synchronization important for certificates and logs?,Think validity checks and correlating events.,Correct time helps certificate validation and makes security/system logs easier to correlate.
What protocol is commonly used for time synchronization?,Think NTP.,"NTP, usually UDP 123."
What is an NTP server?,Think a source of accurate time.,An NTP server provides time synchronization to clients/devices.
What happens if a computer's clock is far off?,Think authentication and certificates.,"Certificate validation, Kerberos-based authentication, scheduled tasks, and log correlation can fail or behave unexpectedly."
What is Kerberos?,Think centralized network authentication commonly used in Active Directory environments.,Kerberos is a ticket-based authentication protocol commonly used by Windows domains.
What port does Kerberos commonly use?,Think Windows domain authentication.,TCP/UDP 88.
What port does LDAP use in Active Directory environments?,Think directory queries.,TCP/UDP 389.
What port does LDAPS use?,Think secure LDAP.,TCP 636.
What port does DNS use in Active Directory environments?,Think domain controllers depend heavily on DNS.,UDP/TCP 53.
What port does SMB use in Active Directory environments?,Think Windows file sharing and domain-related operations.,TCP 445.
What port does RPC Endpoint Mapper use?,Think Windows RPC service discovery.,TCP/UDP 135.
What are dynamic RPC ports used for?,Think Windows services establishing RPC connections after endpoint discovery.,Windows RPC services can use dynamically assigned high ports after initial endpoint mapping.